Baseball,新聞,兄弟,黃博多,1,球種,很,殺,打斷,世界,冠軍,林立,,,,,,,
Baseball,新聞, 霸鉧德,變化球,不,太,準,古久保,看,黃博多,,,,,,,,,
Baseball,分享,台鋼,突破,僵局,優異,守備,,,,,,,,,,,,
Baseball,新聞,洋基,大都會,9,隊,都,想要,教士,王牌,引發,高度,興趣,很,,,,,
Baseball,新聞,揮棒,速度,提升,要,搶進,開季,名單,,,,,,,,,,
Baseball,新聞,光芒隊,決定,取消,興建,新,球場,計畫,希望,2026年,重回,,,,,,,
Baseball,新聞,亞洲盃,5人制,棒球,中華隊,吞,亞,辜,,,,,,,,,,
Baseball,公告, 板,規,,,,,,,,,,,,,,,
Baseball,整理,轉播,時間,季,前,熱身賽,,,,,,,,,,,,
Baseball,分享,熱身賽,轉播,平台,賽程表,,,,,,,,,,,,,
Baseball,討論,胡智爲,成為,王牌,還,差,了,什麼,,,,,,,,,,
Baseball,炸裂,梁家榮,阿銀,,,,,,,,,,,,,,,
Baseball,新聞,意識到,主力,球員,高齡化,兄弟,教頭,談,,,,,,,,,,
Baseball,分享,道奇,練球,吸引,一萬多,日本人,購,票,進場,,,,,,,,,
Baseball,分享,亞洲,球員,數值,進,單隊,,,,,,,,,,,,
Baseball,分享,大谷,,,,,,,,,,,,,,,,
Baseball,討論,孔念恩,,,,,,,,,,,,,,,,
Baseball,分享,馬林魚,低a球隊,徵,靶子隊,日薪,150,,,,,,,,,,,
Baseball,分享,王柏融,開轟,影片,,,,,,,,,,,,,,
Baseball,新聞,羅戈,勝,騎士,進度,快,王建民,坦言,開季,洋投,,,,,,,,
Baseball,新聞, 5人制,棒球,中華隊,吞,亞,辜仲諒,勉勵,,,,,,,,,,
Baseball,分享,今日,胡冠俞,,,,,,,,,,,,,,,
Baseball,情報,今日,王柏融,富邦,悍將,,,,,,,,,,,,,
Baseball,分享,藍力 ,不,排斥,牛棚,出賽,,,,,,,,,,,,
Baseball,分享,熱身賽,戰績,,,,,,,,,,,,,,,
Baseball,閒聊,今日,蘇智傑,,,,,,,,,,,,,,,
Baseball,分享,今日,三,地,人數,官,辦,熱身賽,,,,,,,,,,
Baseball,新聞,李珠珢,人氣,破表,富邦,悍將,會員,完售,不,,,,,,,,,
Baseball,情報,東京,開球,嘉賓,,,,,,,,,,,,,,
Baseball,討論,中華隊,奧運,成功,復仇,中國,會,有,多,爽,,,,,,,,
Baseball,熱身賽,台鋼,富邦,嘉義市,,,,,,,,,,,,,,
Baseball,熱身賽,統一,味全,斗六,,,,,,,,,,,,,,
Baseball,熱身賽,樂天,中信,兄弟,洲際,,,,,,,,,,,,,
Baseball,新聞,作客,洲際,看見,白色,怪物,日籍,教頭,有,話,,,,,,,,
Baseball,新聞,李聖裕,驚喜,扛,三,番,岳政華,缺陣, 平,,,,,,,,,
Baseball,新聞,鄭浩均,4月,復出,有點,趕,王建民,設定,使用,,,,,,,,,
Baseball,炸裂,王柏融,,,,,,,,,,,,,,,,
Baseball,新聞,洲際,棒球場,整建,延宕,中市府,拚,明年,球季,,,,,,,,,
Baseball,分享,養樂多,燕九郎,會員,球衣,開箱,,,,,,,,,,,,
Baseball,新聞,東京賽,日本賽,熱度,是,南韓賽,10,倍,佛,,,,,,,,,
Baseball,討論,韓國,組合,要,怎樣,才,能,贏,,,,,,,,,,
Baseball,炸裂,林立,,,,,,,,,,,,,,,,
Baseball,討論,是,怎麼,邀請到,來,台,的,,,,,,,,,,,
Baseball,新聞,捨棄,富邦,選擇,中信,羅戈,原因,放心,中,謝謝,,,,,,,,
Baseball,分享,陳晨威,,,,,,,,,,,,,,,,
Baseball,熱身賽,火腿,軟銀,,,,,,,,,,,,,,,
Baseball,討論,輸,中國,之後,贏,球,感覺,是,什麼,,,,,,,,,
Baseball,新聞,台灣,他,封鎖,後,奪,12,強,冠軍,兄弟,強投,羅戈,,,,,,
Baseball,新聞,上,賽季,歷經,臀部,手術,大都會,左投,敏特,今,復出,自認,表現,滿意,,,,
Baseball,新聞,簽完,12.6億,合約,後,沒,投,半,球,紅襪,明星,右,投,又,要,傷兵,名單,
Baseball,新聞,道奇,總教練,羅伯斯,記者會,談,台灣,希,,,,,,,,,,
Baseball,新聞,離開,富邦,加盟,兄弟,超強,洋投,羅戈,語,帶,,,,,,,,
Baseball,新聞,東京賽,讚揚,日本,發言,惹,,,,,,,,,,,,
Baseball,新聞,洲際,突,現,白色,怪物,兄弟,選手,坦言,影響,,,,,,,,
Baseball,炸裂,万,波,中正,,,,,,,,,,,,,,
Baseball,分享,參與,開季,團圓,大,辦桌,活動,,,,,,,,,,,
Baseball,情報,亞洲盃,五人制,棒球,錦標賽,日本,金牌,,,,,,,,,,,
Baseball,新聞,台灣,媒體,問,大谷翔平,問題,盛讚,日,,,,,,,,,,
Baseball,分享,樂天,開,會,開,比較,久,是,正常,的,,,,,,,,
Baseball,新聞,東京賽,道奇,高層,警戒,避免,場,外,醜聞,,,,,,,,,
Baseball,討論,辜仲諒,中信,兄弟,投資,是,不,是,很,成功,,,,,,,,
Baseball,新聞,味全龍,投手,戰力,有,狀況,放棄,找,洋,,,,,,,,,
Baseball,熱身賽,西武,中日,,,,,,,,,,,,,,,
Baseball,新聞,美國,大聯盟,海外賽,來,台,辦,蔡其昌,曝,,,,,,,,,
Baseball,分享,統一獅,開幕戰,贈品,主視覺,拼圖,,,,,,,,,,,,
Baseball,熱身賽,羅德,廣島,,,,,,,,,,,,,,,
Baseball,分享,鍵盤,球探,王志煊,專訪,下,,,,,,,,,,,,
Baseball,分享,朗希,道奇,老闆,一起,去,見,日本,首相,,,,,,,,,
Baseball,新聞,海外賽,大谷翔平,未,球隊,同住,,,,,,,,,,,,
Baseball,討論,大家,覺得,這,次,哪,隊,補強,最,成功,,,,,,,,
Baseball,新聞,夢想,投,打,模板,都,不,是,大谷翔平,日本,,,,,,,,
Baseball,日本,開幕,記者會,,,,,,,,,,,,,,,
Baseball,問卷,中華,職棒,轉播,資訊,觀,賽,體驗,研究,,,,,,,,,
Baseball,討論,光芒隊,新,球場,都,喬,不,到,市區,中心,位子,嗎,,,,,,
Baseball,亞洲盃,五人制,棒球,季軍戰,冠軍戰,,,,,,,,,,,,,
Baseball,情報, 蘿蔔,讀賣,巨人,會,使用,牛棚,車輪戰,,,,,,,,,,
Baseball,分享,台灣,球員,數值,,,,,,,,,,,,,,
Baseball,新聞,兄弟,開幕戰,贈品,冠軍,戒指,曝光,商品部,還,有,,,,,,,,
Baseball,新聞,開幕戰,來,台灣,打,大谷翔平,有,機會,,,,,,,,,,
Baseball,新聞,味全龍,開幕戰,天母,登場,主題日,邀集星,嗨,,,,,,,,,,
Baseball,新聞,大聯盟,海外賽,來,台灣,大谷翔平,也,期,,,,,,,,,,
Baseball,公告,水桶,公告,,,,,,,,,,,,,,,
Baseball,哇,靠,遇到,陳偉殷,,,,,,,,,,,,,,
Baseball,情報,奧川恭伸,預計,擔任,開幕戰,投手,,,,,,,,,,,,
Baseball,新聞,何時,邀,來,台,開幕戰,蔡其昌,鬆口,回應,,,,,,,,,
Baseball,新聞,滿貫砲,嗨,過頭,指錯,方向,需要,,,,,,,,,,,
Baseball,新聞,大谷翔平,返,日,特別,安排,未,道奇隊,同,,,,,,,,,
Baseball,新聞,守,外野,3,條件,紀慶然,都,有,,,,,,,,,,
Baseball,新聞,迪佛斯,立場,轉變,願,讓出,三壘,做,任何,,,,,,,,,
Baseball,新聞,動漫,章魚燒,東京,17,瘋,道奇,,,,,,,,,,,
Baseball,分享,中華,職棒,球隊,出現,過,條紋,球衣,,,,,,,,,,
Baseball,新聞,看見,鄧愷威,控球,大躍進,教練,本,季,有,機會,,,,,,,,
Baseball,新聞,官網,盤點,春訓,對抗賽,最,不容,忽視,新星,,,,,,,,,
Baseball,新聞,不只,雙肘,有,傷,洋基,怪力男,爆,同,,,,,,,,,
Baseball,新聞,東京賽,接機,撲空,道奇,安全,考量,改,,,,,,,,,,
Baseball,新聞,李珠珢,首,秀,日期,出爐,富邦,公布,上,半,季,7,大,主,,,,
Baseball,討論,中職,官方,有,後續,嗎,,,,,,,,,,,,
Baseball,分享,今日,達比,修,有,,,,,,,,,,,,,
Baseball,聯盟,熱身賽,3月14日,,,,,,,,,,,,,,,
Baseball,分享,今日,青柳晃洋,,,,,,,,,,,,,,,
Baseball,熱身賽,歐力士,養樂多,,,,,,,,,,,,,,,
Baseball,熱身賽,樂天,,,,,,,,,,,,,,,,
Baseball,分享,今日,馬傑森,,,,,,,,,,,,,,,
Baseball,討論,曾昱磬,真的,很,能,打,,,,,,,,,,,,
Baseball,新聞,曾昱磬,熱身賽,火力,全開,爭取,開幕,一軍,機會,,,,,,,,,
Baseball,分享,橫濱,庄司陽斗,九鬼隆平,轉為,支配,下,,,,,,,,,,,
Baseball,分享,前,軟銀鷹,取締役,小林至大,談,日職,周邊,商品,,,,,,,,,
Baseball,分享,鍾玉成,抓,了,影片,,,,,,,,,,,,,
Baseball,分享,周思齊,分享,要,去,北海道,種樹,造,球棒,,,,,,,,,
Baseball,新聞,生涯,首,次,單,局,2,安,紀慶然,笑,單,局,死,兩,次,,,
Baseball,分享,今日,嘉義市,人數,官,辦,熱身賽,,,,,,,,,,,
Baseball,情報,右側,腹斜肌,拉傷,,,,,,,,,,,,,,
Baseball,新聞,天使,火球男,狂飆,逾,166,公里,速球,一,局,猛賞,,,,,,,
Baseball,新聞,曾,任,金鶯,牛棚,要角,藍鳥,1,年,約,簽回,後援,投手,塔德,,,,
Baseball,新聞,影,光芒,戰,老虎,守備,妙,事,多,奇怪,雙殺,外連,鳥,也,要,來,參,一
Baseball,新聞,差點,締造,40,40,40,壯舉,守護者,球星,竟,成,最,低估,球,,,,
Baseball,情報,秀泰,影城,東京,開幕戰,直,播,,,,,,,,,,,
Baseball,分享,沙子宸,春訓,初,登板,主投,兩,局,送出,3,,,,,,,,
Baseball,情報,光芒,宣佈,取消,聖彼得堡,建造,新,球場,計劃,,,,,,,,,
Baseball,新聞,林盛恩,盼,效力,台灣隊,觀察,大聯盟,球員,,,,,,,,,,
Baseball,分享,手術,說明,,,,,,,,,,,,,,,
Baseball,分享,立委,陳培瑜,質詢,沒,授權,賣,商品,,,,,,,,,,
Baseball,新聞,誰,是,棒球界,本人,親口,認證,水手,,,,,,,,,,
Baseball,討論,去年,12,強,贏,美國,是,不,是,很,關鍵,,,,,,,
Baseball,新聞,18,歲,張趙紘,新人,扛,樂天,先發,第4,棒,,,,,,,,
Baseball,熱身賽,台鋼,樂天,嘉義市,,,,,,,,,,,,,,
Baseball,新聞,一,掃,去年,公辦,熱身賽,首,戰,自爆,陰霾,舒治浩,,,,,,,
Baseball,新聞,棒球,紀念,國內,棒壇,重要,推手,高苑,工商,設,,,,,,,,
Baseball,新聞,世界,最,強,將,對決,道奇,豪華,打線,巨人,王牌,戶鄉翔征,生涯,最,寶,,,
Baseball,新聞,東京賽,佔地,超過,840,坪,大聯盟,官方,商,,,,,,,,,
Baseball,分享,歷史,上,今天,經典賽史,上,最,大,分差,比賽,,,,,,,,
Baseball,新聞,大專,棒聯,一般組,台北,科大,14:07,扳倒,中央,大學,勇奪,隊史,第1,冠,,,,
Baseball,新聞,台鋼,雄鷹,板凳,深度,不足,還,傷兵,不少,,,,,,,,,
Baseball,分享,吱魯閣,開張,,,,,,,,,,,,,,,
Baseball,新聞,球員,票選,最,想要,隊友,大谷翔平,兩,,,,,,,,,,
Baseball,新聞,大谷翔平,化身,導遊,親自,策劃,神秘,晚宴,,,,,,,,,,
Baseball,新聞,吉田正尚,熱身賽,打擊率,2成73,開季,卻,可能,,,,,,,,,,
Baseball,分享,熱身賽,戰績,,,,,,,,,,,,,,,
Baseball,分享,今日,劉昱言,,,,,,,,,,,,,,,
Baseball,討論,洋將,加盟,球隊,如何,才,辦,記者會,,,,,,,,,,
Baseball,分享,聯名,,,,,,,,,,,,,,,,
Baseball,分享,新,廣告,投手,大谷,打者,翔平,,,,,,,,,,,
Baseball,新聞,皇家,主砲,左手,擊中,一度,失去,知覺,,,,,,,,,,
Baseball,情報,富邦,悍將,官網,瞬間,流量,爆衝,啟動,保護,機制,,,,,,,,
Baseball,分享,今日,鄧愷威,,,,,,,,,,,,,,,
Baseball,分享,台鋼,雄鷹,鷹,週年慶,75折,優惠,,,,,,,,,,,
Baseball,討論,有,人,今年,準備好,進,新莊,看,球,了,嗎,,,,,,,
Baseball,分享,味全龍, 2025年度,主題曲,,,,,,,,,,,,,,
Baseball,討論,買到,亞瑟王,資格,是,什麼,感覺,,,,,,,,,,,
Baseball,新聞,我,回來,了,大谷翔平,領,道奇,球星,抵,日,,,,,,,,
Baseball,分享,2025年,養樂多,會員禮,開箱,,,,,,,,,,,,,
Baseball,討論,各,隊,非,季票,會員,比較,第二,購,票,順位,,,,,,,
Baseball,情報,今日,柳賢振,,,,,,,,,,,,,,,
Baseball,情報,將,東京,開幕戰,演奏,日,美國,歌,,,,,,,,,,
Baseball,新聞,大聯盟,都,沒,見,過,棒球隊,5,人,開轟,,,,,,,,
Baseball,熱身賽,巨人,軟銀,,,,,,,,,,,,,,,
Baseball,分享,頭部,干擾,傳,球,影片,,,,,,,,,,,,
Baseball,分享,日本人,名單,,,,,,,,,,,,,,,
Baseball,分享,李灝宇,下放,小,聯盟,春訓,,,,,,,,,,,,
Baseball,情報,,,,,,,,,,,,,,,,,
Baseball,新聞,大谷翔平,返,日,將,安排,豪華,晚宴,款待,隊友,,,,,,,,
Baseball,分享,鈴木誠,也,日本,刀,進行,打擊,練習,,,,,,,,,,
Baseball,專欄, 飛龍,衝天,桃猿,力拼,前段,悍將,戰績,續,下探,,,,,,,,
Baseball,分享,今日,單場,4,打點,,,,,,,,,,,,,
Baseball,新聞,炒,熱,話題,阪神,噴射,氣球,日職,爆點,,,,,,,,,
Baseball,分享,堪薩斯,大學,連續,五,位,打者,開轟,,,,,,,,,,
Baseball,新聞,中職,12,強,來,台,講評,兼,搜集,啦啦隊,情報,日,,,,,,
Baseball,新聞,大谷翔平,應,放棄,投球,大聯盟,,,,,,,,,,,,
Baseball,亞洲盃,五人制,棒球,賽程,,,,,,,,,,,,,,
Baseball,新聞,官網,預測,2025,強,打者,大谷翔平,排,第二,輸給,,,,,,,,
Baseball,分享,阪神,電鐵,放棄,巨人橘,新,車,改用,朱紅色,,,,,,,,,
Baseball,新聞,紅人隊,農場,總監,看好,林盛恩,二刀流,發展,,,,,,,,,,
Baseball,新聞,大專,棒聯,一般組,歷史性,一,刻,中央,大,,,,,,,,,
Baseball,新聞,林盛恩,挑戰,大谷,模式,台灣,職業,層級,二,刀,流,,,,,,,
Baseball,新聞,陳傑憲迷,注意,央行,12,強,奪冠,紀念鈔,,,,,,,,,,
Baseball,新聞,古林睿煬,火球,震撼,日本,球迷,帥,炸,,,,,,,,,,
Baseball,新聞,日職,佐藤龍世,睡,過頭,下放,三軍,西武監,,,,,,,,,,
Baseball,討論,一,棒,腿哥,二棒,推進,連線,,,,,,,,,,,
Baseball,分享,今日,馬傑森,,,,,,,,,,,,,,,
Baseball,新聞,軟銀,台灣,19,歲,火球男,張峻瑋,二軍,登,,,,,,,,,
Baseball,新聞,中職,林立,一,棒,終結,宇宙邦,延長,10,局,再,,,,,,,
Baseball,分享,今日,黃子鵬,,,,,,,,,,,,,,,
Baseball,分享,現身,老虎,春訓,基地,,,,,,,,,,,,,
Baseball,分享,山岡泰輔,將,明天,恢復,棒球,活動,,,,,,,,,,,
Baseball,新聞,朗希,有,獨角獸,魔球,專家,剖析,怪物,指叉,,,,,,,,,
Baseball,新聞,悍將,名單,出現,日本,選手,名,球團,透露,,,,,,,,,
Baseball,分享,田中幹,也,完成,左手,鉤狀骨,摘除,手術,,,,,,,,,,
Baseball,分享,樂天,桃猿,開季,應援,商品組,新增,猿氣,,,,,,,,,,
Baseball,分享,今日,魔力藍,,,,,,,,,,,,,,,
Baseball,新聞,身後,有,重砲,打線,想,提高,盜壘率,,,,,,,,,,
Baseball,新聞,42,歲,塞揚,名投,韋蘭德,熱身賽,3,場,防禦率,2.45,讓,巨人,教頭,讚,,,
Baseball,新聞,去年,曾,任,開幕戰,先發,紅襪,貝洛,開季,傷兵,名單,,,,,,,
Baseball,新聞,今永昇,太,旅美,自爆,水土不服,吐槽,1,窘,事,,,,,,,,
Baseball,分享,帽子,是否,也,挺,幽默,,,,,,,,,,,,
Baseball,情報,中華,職棒,二軍,例行賽,賽程,,,,,,,,,,,,
Baseball,新聞,去年,膝傷,整,季,報銷, 成晉,有,信心,趕上,開季,,,,,,,
Baseball,新聞,熬過,將近,3,年,自培,歲月,温,展,樂力,,,,,,,,
Baseball,新聞,張峻瑋,春季,教育,聯盟,登板,擔任,終結,者,韓職,,,,,,,,
Baseball,問題,八角塔,中華,職棒,音樂會,周邊,商品,,,,,,,,,,,
Baseball,新聞,裴智桓,敲,兩,支,長打,春訓,打擊率,4成55,,,,,,,,,
Baseball,討論,當年,輸給,法國,有,多,讓,人,震驚,,,,,,,,,
Baseball,新聞,日職,佐藤龍世,睡,過頭,下放,三軍,西武監,,,,,,,,,,
Baseball,新聞,大專,棒聯,一般組,隊史,第1,次,台北,科大,將,中央,大學,爭冠,,,,,
Baseball,分享,棒球,分析師,再次,評論,佐佐木朗希,,,,,,,,,,,,
Baseball,新聞,古林睿煬,直球,威力,驚人,羅德,打者,斷棒,,,,,,,,,,
Baseball,情報,林立 ,再見,安打,,,,,,,,,,,,,,
Baseball,情報,樂天,桃猿,突破,僵局制,首勝,,,,,,,,,,,,
Baseball,分享,今日,嘉義市,人數,官,辦,熱身賽,,,,,,,,,,,
Baseball,分享,熱身賽,戰績,,,,,,,,,,,,,,,
Baseball,情報,今日,林立,富邦,悍將,,,,,,,,,,,,,
Baseball,公告,水桶,公告,*13,,,,,,,,,,,,,,
Baseball,新聞,林立,延長賽,再見,安打,富邦,悍將,不,敗,,,,,,,,,
Baseball,新聞,中職,林立,延長賽,再見,安 ,斬斷,悍將,自辦賽,,,,,,,,,
Baseball,分享,栗原陵矢,右側,腹傷,,,,,,,,,,,,,,
Baseball,新聞,中職,兄弟,核彈頭,張志豪,開轟,呂彥青,9,下,,,,,,,,,
Baseball,熱身賽,歐力士,中,日,,,,,,,,,,,,,,
Baseball,熱身賽,巨人,軟銀,,,,,,,,,,,,,,,
Baseball,新聞,羨慕,道奇,教頭,月薪,2千萬,新庄剛志,我,副,,,,,,,,,
Baseball,新聞,大,巨蛋,新,方向,盧秀燕,赴,日,取經,後,決定,,,,,,,
Baseball,分享,亞洲盃,五人制,棒球,,,,,,,,,,,,,,
Baseball,分享,西武,佐藤龍世,睡,過頭,趕,不,上,飛機,,,,,,,,,
Baseball,新聞,7,年,前,就,該,來,道奇,憶,大谷翔平,,,,,,,,
Baseball,新聞,太,誇張,道奇,小,熊,練習,門票,,,,,,,,,,
Baseball,問題,相對,比較,易,傷,不,傷,手腕,投法,變化,球種,,,,,,,
Baseball,分享,中職,2025,熱身賽,1,今日,先發,投手,,,,,,,,,,
Baseball,分享,亞洲盃,五人制,棒球,賽果,,,,,,,,,,,,,
Baseball,分享, 文杰,出院,了,,,,,,,,,,,,,,
Baseball,熱身賽,富邦,樂天,嘉義市,,,,,,,,,,,,,,
Baseball,新聞,富邦,簽,日籍,投手,根岸涼列,觀察,戰力,年初,還,,,,,,,,
Baseball,分享,韓媒,啥,中職,投球,時鐘,也,-2,秒,韓職,最,慢,,,,,,
Baseball,分享,世界,第一,動作,分析,日本,運動,科技,精髓,,,,,,,,,
Baseball,新聞,日本,12,強,紀錄片,拍,了,什麼,,,,,,,,,,
Baseball,新聞, 壹蘋,10,點,強打,陳傑憲,5,大,球星,億萬,身價,,,,,,,
Baseball,分享,春訓,台灣,全壘打王,苦主,,,,,,,,,,,,,
Baseball,新聞,加,大壘包,未來式,3,猿,看重,安全性,,,,,,,,,,
Baseball,新聞,經典賽,資格賽,10,星,不只,張育成,官網,,,,,,,,,,
Baseball,分享,今日,,,,,,,,,,,,,,,,
Baseball,新聞,台灣,掀起,棒球,狂熱,9成,民眾,會,球場,消費人,均,,,,,,,
Baseball,新聞,大谷翔平,下麵,秀,廚藝,突然,放閃,平常,都,是,,,,,,,,
Baseball,討論,25,歲,以下,年輕,世代,投手,優於,打者,太多,,,,,,,,
Baseball,新聞,官,辦,熱身賽,開打,悍將,挑戰史,上,首見,三,連霸,,,,,,,
Baseball,新聞,陳偉殷,引退,21日,返台,舉辦,引退,記者,,,,,,,,,,
Baseball,新聞,棒球,兄弟隊,內,藥檢,後,解約,猛登,轉戰,,,,,,,,,
Baseball,新聞,台灣隊,表現,點燃,棒球熱,各,路,球迷,會師,大聯,,,,,,,,
Baseball,問題,大谷,為什麼,要,山本,鞠躬,,,,,,,,,,,,
Baseball,新聞,桃猿,穿,新衣,條紋款,好,久,不,見,,,,,,,,,
Baseball,新聞,初,登板,獲,好評,新,球季,將,中繼,出發,,,,,,,,
Baseball,新聞,震撼,大聯盟,春訓,魔球,剖析,佐佐木朗,,,,,,,,,,,
Baseball,分享,火腿,滿壘,中計,,,,,,,,,,,,,,
Baseball,情報,球員卡,東京,實體,體驗會,系列,,,,,,,,,,,,
Baseball,分享,大谷翔平,黛珂,新,廣告,,,,,,,,,,,,,
Baseball,分享,今日,佐佐木朗希,春訓,首度,先發,,,,,,,,,,,,
Baseball,分享,鄭宗哲,下放,海盜隊,小,聯盟,,,,,,,,,,,,
Baseball,情報,佐佐木朗希,將,東京,系列,賽,先發,,,,,,,,,,,
Baseball,情報,小v葛,拒絕,藍鳥,500m,含,延遲,付款,合約,,,,,,,,,
Baseball,新聞,史,上,首,次,道奇,開幕,前,兩,戰,日本,投手,先發,,,,,
Baseball,分享,今日,,,,,,,,,,,,,,,,
Baseball,分享,今日,大谷翔平,,,,,,,,,,,,,,,
Baseball,情報,金慧成,今年,球季,道奇,3a,出發,,,,,,,,,,,
Baseball,新聞,李大浩,驚嘆,軟銀,台灣,19,歲,火球男,未來,恐,,,,,,,,
Baseball,新聞,東京,開幕戰,山本由伸,準備好,了,,,,,,,,,,,,
Baseball,新聞,李灝宇,狂威,三振,鄭宗哲,下放,,,,,,,,,,,,
Baseball,新聞, 日職,新庄剛志,高興,看到,古林睿煬,享受,投球,,,,,,,,,,
Baseball,新聞,右外野,球迷,喊,過,譽,全壘打,直接,打過去,,,,,,,,,
Baseball,分享,今日,林台加,,,,,,,,,,,,,,,
Baseball,分享,歷史,上,今天,2023,中華,晚,接午,輸,古巴,,,,,,,,
Baseball,分享,當機,裁判,,,,,,,,,,,,,,,
Baseball,新聞,7,年,前,沒,選,道奇,總裁,告訴,大谷翔平,,,,,,,,
Baseball,分享,今日,,,,,,,,,,,,,,,,
Baseball,討論,盜壘,是否,值得,,,,,,,,,,,,,,
Baseball,情報,廣島,車站,新,大樓,揭幕,黑田博樹,銅板,浮雕,,,,,,,,,
Baseball,新聞,群創,光藝,影音牆,進駐,臺北,大,巨蛋,迎接,經典,,,,,,,,
Baseball,情報,捷克,國家隊,佛州,移訓,05:04,擊敗,紅雀,2,,,,,,,,,
Baseball,新聞, 日職,台灣,強投,古林睿煬,角色,定位,新,,,,,,,,,,
Baseball,分享,義大利,荷蘭,兩,位,年輕,投手,今年,3,出發,,,,,,,,
Baseball,新聞,敲,轟,盼,下,學年,內,轉,公開,一,明新,雅美族,,,,,,
Baseball,新聞,青柳晃洋,1,局,好,投,春訓,防禦率,3.38,雙城,球星,羅培茲,破,,,,,
Baseball,新聞,洋基,王牌,確定,動,手術,賽季,,,,,,,,,,,
Baseball,新聞,不,搖頭,教導,勇士,新秀,捕手,要,聽,,,,,,,,,
Baseball,分享,前,火腿,洋投,轉戰,墨西哥,聯盟,,,,,,,,,,,
Baseball,分享,古林,登板,時,熱議,台灣,啦啦隊,里崎智,也,,,,,,,,,
Baseball,新聞,林維恩,資格賽,展現,鬥志,運動家,投手,教,,,,,,,,,,
Baseball,分享,熱身賽,轉播,平台,賽程表,,,,,,,,,,,,,
Baseball,新聞,請益,葉總,使用,說明書,合庫,強投,復出,遵照,徐若熙,模式,,,,,,,
Baseball,新聞,韓國,火球男,強勢,回歸,文東珠,飆速,近,160,前,悍,,,,,,,
Baseball,情報,左,大腿,後側,緊繃,下場,休息,,,,,,,,,,,
Baseball,春訓,守護,者,道奇,官網,免費,轉播場,,,,,,,,,,,
Baseball,新聞,偏鄉,孩童,愛上,棒球,人生,轉捩點,,,,,,,,,,,
Baseball,情報,新庄,監督,不,喜歡,熱身賽,第一,名,,,,,,,,,,
Baseball,新聞,中職,台,日,樂天,何時,再,交手,桃猿,新,,,,,,,,
Baseball,新聞,中職,蔣少宏,3,打點,味全,逆轉,台鋼,,,,,,,,,,
Baseball,熱身賽,歐力士,中,日,,,,,,,,,,,,,,
Baseball,新聞,周思齊,引退,半,年,爆,關節,出,問題,無法,,,,,,,,
Baseball,新聞,前,強打,自爆,生涯,晚期,使用,人類,生長,激素,,,,,,,,
Baseball,新聞,有望,接替,強打,捕手,扛,開季,先發,托倫斯,願意,承擔,重任,,,,,,
Baseball,新聞,看完,古林睿煬,初,登板,監督,點出,,,,,,,,,,,
Baseball,情報,易遊網,中信,兄弟,大,巨蛋,美食,套票,完,售,,,,,,,,
Baseball,新聞,棒球,整,隊,都,是,佐藤,鈴木,日本,,,,,,,,,
Baseball,新聞,中職,富邦,悍將,二軍,出征,扳倒,統一獅,自辦,,,,,,,,,
Baseball,新聞,大谷,打球,擊中,胯,下,痛苦,蹲地,道奇,,,,,,,,,
Baseball,新聞,西語,老師,期待,道奇,日本行,,,,,,,,,,,,
Baseball,新聞,史無前例,紀錄,39,歲,神全,點,,,,,,,,,,,
Baseball,新聞, 獅,5,洋投,1,舊,4,新,開季,,,,,,,,,
Baseball,新聞,韓國隊,組,史,上,最,強,陣容,不只,有,,,,,,,,
Baseball,新聞,中華隊,12,強,奪冠,讓,日本,震撼,日媒,深入,,,,,,,,
Baseball,新聞,加,大壘包,明年,登場,黃子鵬,讚,,,,,,,,,,,
Baseball,分享,古林睿煬,上,了,,,,,,,,,,,,,,
Baseball,分享,西武獅,無,安打,進行,中,破功,,,,,,,,,,,
Baseball,分享,今日,孫易磊,,,,,,,,,,,,,,,
Baseball,分享,樂天,桃猿,2025,主視覺,新,球衣,公佈,,,,,,,,,,
Baseball,情報,華視,2025,2028,轉播權,取得,,,,,,,,,,,,
Baseball,新聞,日職,古林睿煬,熱身賽,初,登板,153,公里,下馬,,,,,,,,,
Baseball,新聞,味全龍,主場,門票,3月,18日,開賣,台北,,,,,,,,,,
Baseball,分享,帽t,出貨,時間,調整,,,,,,,,,,,,,
Baseball,分享,古林睿,日職,初,登板,影片,,,,,,,,,,,,
Baseball,分享,六,隊,2025,主視覺,,,,,,,,,,,,,
Baseball,分享,新庄剛志,建議,西武,應該,搬到,名古屋,,,,,,,,,,,
Baseball,分享,読売,巨人,一,指, 鉤狀骨,骨折,,,,,,,,,,,
Baseball,分享,日本,火腿,古林,初,登板,,,,,,,,,,,,
Baseball,新聞,樂天新,背景,大公開,東大,畢業,高,,,,,,,,,,,
Baseball,新聞,古林睿煬,日職,首,秀,完美,3,上,3,下,新庄剛志,,,,,,,
Baseball,新聞,桃猿,新,副董事長,牧野幸輝,首次,亮相,曝,,,,,,,,,,
Baseball,新聞,承襲,太空人,優良,傳統,紅襪,新,主砲,,,,,,,,,,
Baseball,分享,富邦,悍將,05:03,統一獅,邦邦,熱身賽,8,連,不,敗,,,,,,,
Baseball,熱身賽,火腿,羅德,古林睿煬,中繼,,,,,,,,,,,,,
Baseball,熱身賽,廣島,,,,,,,,,,,,,,,,
Baseball,熱身賽,阪神,西武,,,,,,,,,,,,,,,
Baseball,新聞,巨人,根本,沒,來,找,過,我,史奈爾,透露,,,,,,,,
Baseball,分享,今日,小笠原慎之介,,,,,,,,,,,,,,,
Baseball,分享,今日,鄭宗哲,,,,,,,,,,,,,,,
Baseball,新聞,台灣,職棒,產業,規模,漸增,制度,,,,,,,,,,,
Baseball,熱身賽,3月11日,,,,,,,,,,,,,,,,
Baseball,分享,大谷翔平,要塞,英雄,造型,公開,,,,,,,,,,,,
Boy-Girl,心情,一,個,人,去,死,,,,,,,,,,,,
Boy-Girl,討論,個性,不合,性格,不合,,,,,,,,,,,,,
Boy-Girl,討論,同時,多,認識,幾,位,女性,應該,不,算,渣,吧,,,,,,
Boy-Girl,求助,遠距,覺得,痛苦,,,,,,,,,,,,,,
Boy-Girl,討論,請教,感情,有,狀況,如何,打起精神,工作,,,,,,,,,,
Boy-Girl,討論,可以,接受,多久,不,連絡,,,,,,,,,,,,
Boy-Girl,討論,可以,接受,戴,前任,戴,過,安全帽,嗎,,,,,,,,,
Boy-Girl,求助,不,小心,出軌,該,女友,坦白,嗎,認真,,,,,,,,,
Boy-Girl,討論,男友,手機,相簿,裡,有,前,曖昧,對象,照片,,,,,,,,
Boy-Girl,心情,女生,想,交友,軟體,脫單,可能,嗎,,,,,,,,,,
Boy-Girl,討論,怎麼,表現,很,開心,收到,這,個,禮物,,,,,,,,,
Boy-Girl,求助,送,禮,挑選,,,,,,,,,,,,,,
Boy-Girl,討論,周董,沒,紅,仍,有,才華,會,有,女友,嗎,,,,,,,
Boy-Girl,討論,這樣,生活,是,大多,上班族,作息,嗎,,,,,,,,,,
Boy-Girl,求助,讓,喜歡,女生,不,開心,,,,,,,,,,,,
Boy-Girl,求助,論及,婚嫁,觀念,不同,分手,,,,,,,,,,,,
Boy-Girl,求助,如何,讓,男友,不,床,上,吃,東西,,,,,,,,,
Boy-Girl,討論,為什麼,歐吐板,女生,都,不,願,留言,呢,,,,,,,,,
Boy-Girl,討論,為什麼,很多,人,都,不會,傷害,自己,人,封鎖,,,,,,,,
Boy-Girl,討論,交友,軟體,男生,好,難聊,,,,,,,,,,,,
Boy-Girl,討論,傾聽,你,心事,主要,目的,是,要,約砲,,,,,,,,,
Boy-Girl,討論,台灣,當,女生,並,沒有,比較,差,,,,,,,,,,
Boy-Girl,討論,結婚,為,前提,交往,是,什麼,意思,,,,,,,,,,
Boy-Girl,討論,有,人,找,過,婚前,徵信社,嗎,,,,,,,,,,
Boy-Girl,討論,個性,結婚,是,互補,關係,嗎,,,,,,,,,,,
Boy-Girl,求助,女友,異性,相處,界線,,,,,,,,,,,,,
Boy-Girl,心情,錯過,還是,繼續,,,,,,,,,,,,,,
Boy-Girl,求助,很,想,脫單,二,選,一,,,,,,,,,,,
Boy-Girl,求助,女友,感覺,變淡,了,,,,,,,,,,,,,
Boy-Girl,公告,八月,第四,周,水桶,,,,,,,,,,,,,
Boy-Girl,討論,為什麼,普女,看,不,上,普男,,,,,,,,,,,
Boy-Girl,討論,男友,有,些,奇怪,癖好,,,,,,,,,,,,
Boy-Girl,心情,我,是,日本,女生,認證,醜男,,,,,,,,,,,
Boy-Girl,討論,單親,獨子,有,家產,婆婆,住,女生,嗎,,,,,,,,,
Boy-Girl,求助,妹子,看到,你,臉,很,臭,還要,主動,靠近,聊天,嗎,,,,,,
Boy-Girl,討論,另,一半,不,封鎖,劈腿,對象,,,,,,,,,,,
Boy-Girl,討論,結婚,有,什麼,好處,嗎,,,,,,,,,,,,
Boy-Girl,討論,非常,男女,我,愛,紅娘,,,,,,,,,,,,
Boy-Girl,求助,不斷,交往,分手,,,,,,,,,,,,,,
Boy-Girl,討論,這樣,女生,多少,,,,,,,,,,,,,,
Boy-Girl,討論,13,個,情人節,送,禮,程度,問題,,,,,,,,,,
Boy-Girl,討論,菁英,能,參加,交友,軟體,可行性,,,,,,,,,,,
Boy-Girl,討論,為什麼,追到,瞬間,突然,沒,那麼,喜歡,,,,,,,,,,
Boy-Girl,討論,房子,不,加,女方,名,被告,強奸,,,,,,,,,,
Boy-Girl,討論,會,截圖,喜歡,女生,照片,嗎,,,,,,,,,,,
Boy-Girl,討論,另,一半,生,小孩,意見,有,分岐,怎麼辦,,,,,,,,,
Boy-Girl,心情,男人,你,不要,亂,結婚,,,,,,,,,,,,
Boy-Girl,心情,健身房,教練,感情,,,,,,,,,,,,,,
Boy-Girl,討論,性愛,並非,女人,感情,該,付出,義務,,,,,,,,,,
Boy-Girl,心情,交友,軟體,找到,真愛,可能性,,,,,,,,,,,,
Boy-Girl,求助,確認,曖昧,關係,,,,,,,,,,,,,,
Boy-Girl,公告,分身,特別桶,,,,,,,,,,,,,,,
Boy-Girl,討論,今天,上午,女,同事,請假,多,嗎,下午,有,來,上班,,,,,,
Boy-Girl,分享,又,是,一,個,男人,贏,者,全,拿,案例,,,,,,,
Boy-Girl,討論,疑心病,相關,問題,,,,,,,,,,,,,,
Boy-Girl,討論,男生,父母,雙亡,吸引力,真,有,那麼,大,,,,,,,,,
Boy-Girl,求助,第一,個,七夕,微更,,,,,,,,,,,,,
Boy-Girl,公告,八月,第三,周,水桶,,,,,,,,,,,,,
Boy-Girl,討論,收入,多少,可以,不,在意,另,一半,收入,,,,,,,,,
Boy-Girl,討論,臺灣,兩性,交往,關係,究竟,是,保守,開放,,,,,,,,,
Boy-Girl,討論,不,生,小孩,伴侶,是,不,是,能,少,很多,問題,,,,,,
Boy-Girl,討論,兩,種,對象,女生,會,怎麼,選,,,,,,,,,,
Boy-Girl,求助,妹紙,聊天,,,,,,,,,,,,,,,
Boy-Girl,討論,為什麼,台灣,女生,很少,喜歡,泰,越,外勞,,,,,,,,,
Boy-Girl,討論,心靈,出軌,嚴重,嗎,,,,,,,,,,,,,
Boy-Girl,討論,不用,生,小孩,妳,會,想,結婚,嗎,,,,,,,,,
Boy-Girl,討論,到底,開放式,關係,有,什麼,意義,,,,,,,,,,,
Boy-Girl,分享,分析,男性,為何,交友,軟體,上,總是,配,不,人,,,,,,,
Boy-Girl,討論,女方,卡費,貸款,是,男生,責任,嗎,,,,,,,,,,
Boy-Girl,求助,你們,願意,花,4萬,養,女友,嗎,,,,,,,,,,
Boy-Girl,求助,另,一半,遠,距離,時,訊息,習慣,問題,,,,,,,,,
Boy-Girl,討論,怎麼,創造,革命,情感,,,,,,,,,,,,,
Boy-Girl,討論,網路,聊天,如何,持久,啊,,,,,,,,,,,,
Boy-Girl,討論,夏克立,黃嘉千,婚變,為何,超,多,人,相信,前者,,,,,,,,
Boy-Girl,分享,婚姻,本質,良善,社會,,,,,,,,,,,,,
Boy-Girl,討論,宅宅,有,重,機會,有,女友,嗎,,,,,,,,,,
Boy-Girl,討論,老一輩,說,先,成家,後,立業,,,,,,,,,,,
Boy-Girl,心情,我,看,不,下去,了,,,,,,,,,,,,
Boy-Girl,心情,給,憂鬱症,躁鬱症,患者,鼓勵,,,,,,,,,,,,
Boy-Girl,討論,各位,覺得,劈腿,外流,有,錯,嗎,,,,,,,,,,
Boy-Girl,討論,交往,久,一定,會,結婚,嗎,,,,,,,,,,,
Boy-Girl,討論,抽,異性,電子煙,會,生氣,嗎,,,,,,,,,,,
Boy-Girl,討論,少子化,其中,原因,是,女性,教育,提高,了,,,,,,,,,
Boy-Girl,心情,接近,30,女子,焦慮,,,,,,,,,,,,,
Boy-Girl,討論,能,接受,離,過,婚,對象,嗎,,,,,,,,,,
Boy-Girl,討論,為什麼,山道,猴子,有,全家妹,優質,女友,,,,,,,,,,
Boy-Girl,討論,交往,十,年,是,什麼,概念,,,,,,,,,,,
Boy-Girl,討論,老公,扛下,所有,家計,老婆,淨,賺,淨,花,,,,,,,,
Boy-Girl,求助,鬼門,開,鬼月,可以,拜,月老,嗎,,,,,,,,,,
Boy-Girl,討論,交友,軟體,怪,現象,越,不,好看,越,和善,,,,,,,,
Boy-Girl,新聞,不能,再,坐,公車,找,她,了,失戀,男,走,307,路線,,,,,
Boy-Girl,討論,介意,離婚,有,生,小孩,女生,嗎,,,,,,,,,,
Boy-Girl,討論,交友,軟體,約出去,毛手毛腳,很,正常,,,,,,,,,,,
Boy-Girl,討論,女生,都,愛,帥哥,老實,男生,不要,,,,,,,,,,
Boy-Girl,討論,肥宅,問,女生,會不會,介意,肥宅,會,怎樣,,,,,,,,,
Boy-Girl,求助,女友,突然,說,分手,,,,,,,,,,,,,
Boy-Girl,分享,中心,懶人包,,,,,,,,,,,,,,,
Boy-Girl,討論,感情,都,是,怎麼,結束,的,,,,,,,,,,,
Boy-Girl,心情,這,也,算,騷擾,吧,,,,,,,,,,,,
Boy-Girl,討論,我,有,好感,可以,沒有,好感,就,是,性騷,,,,,,,,
Boy-Girl,討論,交往,後,就,不能,異性,聊天,嗎,,,,,,,,,,
Boy-Girl,公告,漏桶,補,桶,,,,,,,,,,,,,,
Boy-Girl,討論,女人,生,孩子,真的,是,很,偉大,,,,,,,,,,
Boy-Girl,分享,不要,參加,聯誼,,,,,,,,,,,,,,
Boy-Girl,討論,多才多藝,男生,不一定,容易,維持,感情,吧,,,,,,,,,,
Boy-Girl,公告,周末,加班,水桶,,,,,,,,,,,,,,
Boy-Girl,分享,23,歲,後,曖昧,對象,真的,要,先,問,對方,未來,規,,,,,
Boy-Girl,討論,男孩,女孩,人生,痛苦,最,大,來源,是,甚麼,,,,,,,,
Boy-Girl,討論,走婚制,適合,不,想,婚姻,拘束,人,嗎,,,,,,,,,
Boy-Girl,討論,年,前,問,現在,風向,感覺,不,一樣,,,,,,,,,
Boy-Girl,分享,越南,新娘,不用,住,月子,中心,省,很,大,,,,,,,,
Boy-Girl,討論,情人節,送,刮鬍刀,,,,,,,,,,,,,,
Boy-Girl,分享,下,一,站,是,幸福,聯誼,很,雷,,,,,,,,,
Boy-Girl,討論,要,外籍,新娘,列為,禁句,嗎,,,,,,,,,,,
Boy-Girl,討論,去,聯誼,為什麼,不,乾脆,去,海邊,踏青,找,機會,,,,,,,
Boy-Girl,討論,女孩,要,我,下午,叫,她,起床,,,,,,,,,,
Boy-Girl,討論,選擇,不婚,男生,有,變多,嗎,,,,,,,,,,,
Boy-Girl,討論,已,讀,不,回,不,讀,不,回,哪,個,比較,難,接受,,,,
Boy-Girl,婚後,女方,願意,不,願,公婆,來往,男方,可以,,,,,,,,,
Boy-Girl,求助,沒有,心動,感覺,能,試試,看,嗎,,,,,,,,,,
Boy-Girl,討論,留言板式,聊天,即時,聊天,,,,,,,,,,,,,
Boy-Girl,討論,會,嗎,,,,,,,,,,,,,,,
Boy-Girl,討論,正常,女生,一,天,要,回覆,男生,訊息,,,,,,,,,
Boy-Girl,求助,回,台灣,後,生活,,,,,,,,,,,,,
Boy-Girl,討論,結婚,合約,改成,租房,合約,一樣,可行,嗎,,,,,,,,,
Boy-Girl,求助,要,結婚,嗎,,,,,,,,,,,,,,
Boy-Girl,討論,很多,人,擇偶,是,不,是,忽略,了,健康,條件,,,,,,,
Boy-Girl,分享,各位,都,是,如何,朋友,介紹,另一半,,,,,,,,,,
Boy-Girl,心情,什麼,時後,要,見面,,,,,,,,,,,,,
Boy-Girl,討論,豪門,軟飯,到底,滋味,如何,,,,,,,,,,,,
Boy-Girl,討論,結婚,花費,拿去,包養,嫩妹,爽,多,了,吧,,,,,,,,
Boy-Girl,新聞,身,上,只,帶,300,元,21,歲,女,南下,見,網友,丟包,,,,
Boy-Girl,討論,那,你,有,喜歡,嗎,,,,,,,,,,,,
Boy-Girl,求助,女友,不,理,我,了,,,,,,,,,,,,
Boy-Girl,討論,追,女生,要,積極,消極,,,,,,,,,,,,
Boy-Girl,討論,情侶,規劃,不,一樣,,,,,,,,,,,,,
Boy-Girl,日本,女性,對象,要求,降低,台灣,戀愛,呢,,,,,,,,,,
Boy-Girl,討論,台灣,有,哪,個,國家,也,這麼,在意,月中,的,嗎,,,,,,
Boy-Girl,討論,吵架,後,抱,著,對方,滿,有效,的,吧,,,,,,,,
Boy-Girl,討論,女生,願不願意,自己,同,薪,人,共居,,,,,,,,,,
Boy-Girl,求助,分擔,這,件,事,,,,,,,,,,,,,
Boy-Girl,討論,日本,女性,結婚,對象,新,要求,4,低,,,,,,,,,
Boy-Girl,討論,為啥,那麼多,未婚,爭論,月中,啊,,,,,,,,,,,
Boy-Girl,求助,女生,態度,想法,,,,,,,,,,,,,,
Boy-Girl,心情,我,又,懷孕,啦,,,,,,,,,,,,,
Boy-Girl,討論,我,到底,做錯,了,什麼,,,,,,,,,,,,
Boy-Girl,求助,我,是,不,是,該,單身,一,輩子,了,,,,,,,,
Boy-Girl,討論,忠誠,劈腿,不,應,是,原則,例外,關係,,,,,,,,,
Boy-Girl,討論,心,中,排行,調查,,,,,,,,,,,,,
Boy-Girl,討論,看,戀愛,實境,節目,會,有,幫助,嗎,,,,,,,,,
Boy-Girl,心情,女友,媽媽,要求,合理,嗎,,,,,,,,,,,,
Boy-Girl,心情,又,當,了,一,次,擺渡人,,,,,,,,,,,
Boy-Girl,心情,其實,,,,,,,,,,,,,,,,
Boy-Girl,公告,每,周,水桶,,,,,,,,,,,,,,
Boy-Girl,討論,合作,對象,距離,,,,,,,,,,,,,,
Boy-Girl,求助,請教,怎麼,調適,心態,,,,,,,,,,,,,
Boy-Girl,討論,頂級,帥哥,正妹,,,,,,,,,,,,,,
Boy-Girl,討論,為什麼,都,要,問,單身,多久,,,,,,,,,,,
Boy-Girl,討論,做愛,頻率,很,高,情侶,是,少數,嗎,,,,,,,,,
Boy-Girl,討論,這樣,還,能,當,朋友,嗎,,,,,,,,,,,
Boy-Girl,求助,時隔,兩,年,多,聯繫,,,,,,,,,,,,
Boy-Girl,新聞,少子女化,審計部,報告,點出,現象,20,44,歲,,,,,,,,,
Boy-Girl,求助,這,就,是,所謂,吧,,,,,,,,,,,,
Boy-Girl,討論,你,沒,錢,買,房,生,小孩,還,會,結婚,嗎,,,,,,
Boy-Girl,討論,不,生,不,結婚,不,共居,那,是否,就,合理,了,,,,,,
Boy-Girl,討論,一,個,結帳,問題,,,,,,,,,,,,,
Boy-Girl,討論,論及,婚嫁,對象,曾經,想,置,你,死,,,,,,,,,
Boy-Girl,新聞,睡,橋,下,酸,裝,窮,夏克立,反擊,黃,,,,,,,,
Boy-Girl,討論,說話,藝術,,,,,,,,,,,,,,,
Boy-Girl,心情,颱風天,能,約,去,哪,有,自己,房子,,,,,,,,,
Boy-Girl,討論,伴侶,問,你,開放式,關係,有,什麼,看法,,,,,,,,,
Boy-Girl,討論,台女,不,願意,結婚,老,了,要,去,哪裡,,,,,,,,
Boy-Girl,討論,不會,抓,蟑螂,女孩兒,其實,很,扣分,,,,,,,,,,
Boy-Girl,分享,徵求,家庭,親子,伴侶,會談,案主,,,,,,,,,,,
Boy-Girl,求助,終究,還是,栽,小妹妹,手,裡,怎麼辦,,,,,,,,,,
Boy-Girl,討論,科學,根據,是,量子,糾纏,嗎,,,,,,,,,,,
Boy-Girl,討論,結婚,男生,也,沒有,好處,,,,,,,,,,,,
Boy-Girl,討論,有,女朋友,之後,女,人緣,更,好,了,,,,,,,,,
Boy-Girl,分享,為何,你,單身,數學,有,答案,,,,,,,,,,,
Boy-Girl,求助,不,知道,該,放下,分手,,,,,,,,,,,,
Boy-Girl,討論,房子,是,自己,買,還,需要,看,臉色,嗎,,,,,,,,
Boy-Girl,討論,到底,要,如何,避免,不斷,當成,閨蜜,,,,,,,,,,
Boy-Girl,討論,如何,觀察,男友,脾氣,,,,,,,,,,,,,
Boy-Girl,分享,越南,新娘,嫁,韓國人,四,年,過去,後,現況,不錯,,,,,,,
Boy-Girl,討論,女生,不會,主動,傳,訊息,是,不,是,沒,機會,了,,,,,,
Boy-Girl,心情,前,男友,,,,,,,,,,,,,,,
Boy-Girl,討論,拒絕,下,次,約會,好感,就,變,性騷,,,,,,,,,
Boy-Girl,求助,請問,對方,真正,意思,,,,,,,,,,,,,
Boy-Girl,討論,你,要不要,當,我,男朋友,,,,,,,,,,,,
Boy-Girl,討論,以前,女生,30,歲,拉,警報,現在,女生,幾,歲,拉,警報,,,,,
Boy-Girl,求助,為什麼,就,是,會,犯,賤,,,,,,,,,,,
Boy-Girl,討論,公務員,還,以前,吃香,嗎,,,,,,,,,,,,
Boy-Girl,公告,本,周,水桶,公告,,,,,,,,,,,,,
Boy-Girl,討論,推特,上,一,則,八卦,,,,,,,,,,,,
Boy-Girl,討論,希望,避嫌,理由,禁制,對方,去,健身房,合理,嗎,,,,,,,,
Boy-Girl,討論,女性,時尚,行業,中,是否,漸漸,退出,,,,,,,,,,
Boy-Girl,討論,什麼,樣,情況,下,你,會,認同,劈腿,,,,,,,,,
Boy-Girl,討論,你,會,選,柯哀,愛情,新蘭,原配,,,,,,,,,,
Boy-Girl,討論,討論,找,伴侶,目的,是,,,,,,,,,,,,
Boy-Girl,討論,性平法,嚴禁,師生戀,三讀 ,男孩,女孩,以為,如何,,,,,,,,,
Boy-Girl,討論,收回,關注,以後,怎麼,保持,平常心,,,,,,,,,,,
Boy-Girl,求助,女友,太,黏,怎麼辦,,,,,,,,,,,,,
Boy-Girl,求助,有,這麼,嚴重,嗎,,,,,,,,,,,,,
Boy-Girl,心情,只是,想,說出,最近,發生,事情,,,,,,,,,,,
Boy-Girl,討論,其實,女朋友,這,種,東西,一,個,就,夠,了,吧,,,,,,
Boy-Girl,討論,侵犯,隱私,定義,,,,,,,,,,,,,,
Boy-Girl,請益,如何,不,強調,也,不,讓,自己,付出,變成,理所當然,,,,,,,
Boy-Girl,討論,版,誤解,女權,了,吧,我,愛,女權,女,,,,,,,,
Boy-Girl,討論,會,常常,女友,通訊,軟體,聊天,嗎,,,,,,,,,,
Boy-Girl,討論,女友,常,出,什麼,陷阱題,,,,,,,,,,,,
Boy-Girl,討論,男生,會,聽,情歌,來,強化,氣場,嗎,,,,,,,,,
Boy-Girl,心情,我,沒辦法,解釋,啊,,,,,,,,,,,,,
Boy-Girl,討論,我,這樣,身材,算,胖,嗎,,,,,,,,,,,
Boy-Girl,求助,要,放置,繼續,,,,,,,,,,,,,,
Boy-Girl,求助,女友,答應,交往,後,不,答應,上床,,,,,,,,,,
Boy-Girl,討論,收禮,標準,,,,,,,,,,,,,,,
Boy-Girl,心情,矛盾,心理,,,,,,,,,,,,,,,
Boy-Girl,討論,讓,自己,變,更,獨特,,,,,,,,,,,,
Boy-Girl,心情,家,裡,養,男生,該,怎麼,談戀愛,,,,,,,,,,
Boy-Girl,討論,愛,卑微,,,,,,,,,,,,,,,
Boy-Girl,討論,為什麼,很多,女孩,揍,打,都,不,分手,,,,,,,,,
Boy-Girl,討論,20多,歲,女生,還,有,這,種,反應,,,,,,,,,
Boy-Girl,討論,葉子楣,新聞,問號,,,,,,,,,,,,,,
Boy-Girl,心情,我們,萬歲,,,,,,,,,,,,,,,
Boy-Girl,討論,博恩,公佈,訊息,事,我們,學到,了,什麼,,,,,,,,,
Boy-Girl,心情,如何,消除,罪惡感,,,,,,,,,,,,,,
Boy-Girl,求助,感情,迷茫,,,,,,,,,,,,,,,
Boy-Girl,心情,很,難,再,相信,了,,,,,,,,,,,,
Boy-Girl,心情,剛,分手,睡,不,著,,,,,,,,,,,,
Boy-Girl,討論,要,多,才,有,辦法,這麼,卑微,,,,,,,,,,
Boy-Girl,討論,23,歲,男生,都,不,想,認真,嗎,,,,,,,,,
Boy-Girl,求助,怎麼,男生,更,進一步,,,,,,,,,,,,,
Boy-Girl,求助,獨立,女性,怎麼,聊,有,什麼,雷點,嗎,,,,,,,,,
Boy-Girl,求助,如何,陪伴,憂鬱症,女友,,,,,,,,,,,,,
Boy-Girl,討論,聲音,,,,,,,,,,,,,,,,
Boy-Girl,討論,女生,認為,給,男生,表現,機會,男生,就,爽,想法,,,,,,,
Boy-Girl,討論,怎樣,表現,可,算是,真愛,,,,,,,,,,,,
Boy-Girl,討論,女生,會,看,男生,有無,開車,來,決定,是否,交往,,,,,,,
Boy-Girl,討論,女生,說,上進心,是,不,是,男生,想,不,太,一樣,,,,,,
Boy-Girl,討論,處,自然,,,,,,,,,,,,,,,
Boy-Girl,求助,該,怎麼,做,,,,,,,,,,,,,,
Boy-Girl,分享,科學,證據,仇女,可能,造成,重大,危害,,,,,,,,,,
Boy-Girl,討論,女生,會,排斥,穿,義肢,男生,嗎,,,,,,,,,,
Boy-Girl,討論,交往,應該,縮短,延長,熱戀期,嗎,,,,,,,,,,,
Boy-Girl,討論,計算,喜歡,程度,,,,,,,,,,,,,,
Boy-Girl,討論,飲食,習慣,女友,不,一樣,該,怎,解,,,,,,,,,
Boy-Girl,分享,聚焦,正向,討論,,,,,,,,,,,,,,
Boy-Girl,求助,男友,到底,想,什麼,,,,,,,,,,,,,
Boy-Girl,分享,稍早,想到,,,,,,,,,,,,,,,
Boy-Girl,討論,躺平,未婚,,,,,,,,,,,,,,,
Boy-Girl,求助,現在,這樣,該,怎麼,做,比較,好,,,,,,,,,,
Boy-Girl,討論, 暖女,,,,,,,,,,,,,,,,
Boy-Girl,討論,情侶,不要,人,討論,買,房,可以,嗎,,,,,,,,,
Boy-Girl,分享,火烤,大會,黃豪平,先知,,,,,,,,,,,,,
Boy-Girl,分享,不,等於,不,是,一直,以來,都,是,這樣,嗎,,,,,,,
Boy-Girl,討論,朋友,要求,不能,坐,副駕駛座,,,,,,,,,,,,
Boy-Girl,討論,生日,禮物,該,怎麼,送,,,,,,,,,,,,
Boy-Girl,分享, 龍龍,事件,也,是,女權,自助餐,嗎,,,,,,,,,,
Boy-Girl,求助,這,還,有救,嗎,,,,,,,,,,,,,
Boy-Girl,討論,有,選擇權,一方,才,是,感情,中,勝,者,,,,,,,,
Boy-Girl,心情,不善,交際,單身,一,輩子,也,是,合理,吧,,,,,,,,
Boy-Girl,心情,明,知道,不,適合,卻,不,想,分,,,,,,,,,
Boy-Girl,分享,我們,寧可,活,謊言,一,遍,一,遍,,,,,,,,,
Boy-Girl,討論,絕食系,男女,相關,新聞,,,,,,,,,,,,,
Boy-Girl,分享,蘇美,真的,是,天才,,,,,,,,,,,,,
Boy-Girl,討論,好朋友,性騷擾,怎麼,處理,,,,,,,,,,,,,
Boy-Girl,討論,怎樣,算,曖昧,,,,,,,,,,,,,,
Boy-Girl,討論,女生,不婚,不,生,很,合理,吧,,,,,,,,,,
Boy-Girl,討論,出遊,費用,該,什麼,程度,,,,,,,,,,,,
Boy-Girl,討論,公開,閒聊,說,某,女,某,男,過,很,沒,品,吧,,,,,
Boy-Girl,討論,一,個,人,養,起,家,嗎,,,,,,,,,,
Boy-Girl,討論,女性,朋友,說,不,知,為何,如此,仇,女,,,,,,,,
Boy-Girl,討論,男生,不婚,不,生,很,合理,吧,,,,,,,,,,
Boy-Girl,心情,女生,很,木頭,怎,辦,,,,,,,,,,,,
Boy-Girl,心情,存款,數字,,,,,,,,,,,,,,,
Boy-Girl,討論,一切,都,是,窮忙,吧,,,,,,,,,,,,
Boy-Girl,分享,男權,女權,問題,吵,不,完,是,有,豬,隊友,啦,,,,,,
Boy-Girl,分享,抽離,最近,版,上,紛擾,,,,,,,,,,,,
Boy-Girl,心情,我,今年,是,不,是,犯,太歲,,,,,,,,,,
Boy-Girl,討論,女權,終極,目標,是,什麼,,,,,,,,,,,,
Boy-Girl,討論,母系,社會,是,不,是,最,完美,的,,,,,,,,,
Boy-Girl,討論,有錢,其實,根本,就,比不上,帥,幽默,風趣,吧,,,,,,,,
Boy-Girl,討論,怎樣,可以,好好,分手,,,,,,,,,,,,,
Boy-Girl,討論,打,過,炮,男生,有,可能,無,性,交往,嗎,,,,,,,
Boy-Girl,討論,男女,不平等,核心,問題,是,母親,職責,吧,,,,,,,,,
Boy-Girl,心情,女友,甩,了,,,,,,,,,,,,,,
Boy-Girl,新聞,網友,認證,超瞎,分手,理由,哭訴,,,,,,,,,,,
Boy-Girl,討論,這樣,定義,父權,女權,平權,社會,正確,嗎,,,,,,,,,
Boy-Girl,心情,真心,不,愛,女友,家,飲食,文化,,,,,,,,,,
Boy-Girl,討論,為什麼,女生,要,接受,外遇,人,夫,,,,,,,,,,
Boy-Girl,討論,對方,缺點,僅,家人,家庭,時,會,走下去,嗎,,,,,,,,
Boy-Girl,討論,很,好,男性,女性,朋友,關係,,,,,,,,,,,
Boy-Girl,討論,男生,為什麼,普遍,女生,短命,,,,,,,,,,,,
Boy-Girl,求助,請問,這樣,女生,是,詐騙,嗎,,,,,,,,,,,
Boy-Girl,討論,躺平,米格道,是否,為,台灣,中等,男性,最後,路,,,,,,,,
Boy-Girl,討論,台灣,男女,平權,根本,是,偽,議題,對,不,對,,,,,,,
Boy-Girl,討論,躺平,男生,多,嗎,,,,,,,,,,,,,
Boy-Girl,討論,請問,這,男朋友,是,不,是,有,問題,,,,,,,,,
Boy-Girl,討論,偷吃,男,愛,強調,安全,,,,,,,,,,,,
Boy-Girl,討論,純,興趣,拓展,自己,異性,交友圈,人,多,嗎,,,,,,,,
Boy-Girl,分享,日,韓,性別,戰爭,三十,年,,,,,,,,,,,
Boy-Girl,討論,另,一半,結婚,議題,很,排斥,,,,,,,,,,,
Boy-Girl,分享,失戀,饕餮,百,物語,5,,,,,,,,,,,,
Boy-Girl,討論,確認,關係,時候,有,哪些,事情,可以,先,講好,,,,,,,,
Boy-Girl,討論,疫情,期間,學生,談戀愛,更,困難,,,,,,,,,,,
Boy-Girl,討論,一夫多妻,是,不,是,比較,符合,人性,,,,,,,,,,
Boy-Girl,求助,女友,是,極度,貓奴,怎麼辦,,,,,,,,,,,,
Boy-Girl,分享,有沒有,暈,不,人,就,到處,抹黑,八卦,,,,,,,,,
Boy-Girl,討論,女友,一起,買,房,問題,,,,,,,,,,,,
Boy-Girl,討論,第一,次,約會,見面,就,想,牽,女生,手,會,當,噁,男,嗎,,,
Boy-Girl,心情,喜歡,是,一,件,好事,,,,,,,,,,,,
Boy-Girl,分享,想,改變,媽寶,行為,卻,母親,吵,了,一,架,,,,,,,
Boy-Girl,討論,婚後,對方,其他,異性,自己,合,是,不,是,離婚,,,,,,,
Boy-Girl,心情,有,人,遇到,好,女孩,時,也,會,焦慮,嗎,,,,,,,
Boy-Girl,公告,板規,修正,,,,,,,,,,,,,,,
Boy-Girl,求助,如何,避免,踩,雷,,,,,,,,,,,,,
Boy-Girl,討論,兩岸,男性,30,歲,存款,評價,採訪,,,,,,,,,,
Boy-Girl,討論,這,個,裡面,納豆,真的,有,騙,嗎,,,,,,,,,
Boy-Girl,心情,四,年,交往,女友,分手,了,,,,,,,,,,,
Boy-Girl,分享,網路,交友,是,不,是,整,個,玩壞,了,,,,,,,,
Boy-Girl,分享,婚友社,相親,銀行,分享,,,,,,,,,,,,,
Boy-Girl,求助,談判,時,餐廳,抉擇,,,,,,,,,,,,,
Boy-Girl,討論,有,這,種,三十多,歲,男人,嗎,,,,,,,,,,
Boy-Girl,求助,婚友,聯誼,成為,男女,朋友,過程,,,,,,,,,,,
Boy-Girl,討論,求婚,成功,後,女生,不,想,結婚,,,,,,,,,,
Boy-Girl,公告,違規,,,,,,,,,,,,,,,,
Boy-Girl,求助,遇到,騎士團,阻礙,,,,,,,,,,,,,,
Boy-Girl,分享,拒絕型,跟蹤狂,書摘,,,,,,,,,,,,,,
Boy-Girl,心情,尚氣,女朋友,吵架,代,,,,,,,,,,,,,
Boy-Girl,討論,有,阿尼瑪,阿尼瑪斯,書籍,嗎,,,,,,,,,,,,
Boy-Girl,分享,影片,,,,,,,,,,,,,,,,
Boy-Girl,討論,見,了,好感,網友,後,發現,是,禿頭,怎,解,,,,,,,
Boy-Girl,求助,前,女友,一直,傳,訊息,給,我,該,怎麼辦,,,,,,,,
Boy-Girl,心情,五倍券,對方,吵架,這,件,事,,,,,,,,,,,
Tech_Job,請益,群創,生產線,工程師,,,,,,,,,,,,,,
Tech_Job,請益,碰到,這樣,主管,你,該,如何,,,,,,,,,,,
Tech_Job,徵才, 科,勝訊,股份,有限公司,誠徵,軟體,工程師,,,,,,,,,,
Tech_Job,徵才,科勝訊,股份,有限公司,誠徵,,,,,,,,,,,,,
Tech_Job,徵才,徵,實習,軟體,工程師,,,,,,,,,,,,,
Tech_Job,請益,選擇,,,,,,,,,,,,,,,,
Tech_Job,請益,該,怎麼,提,離,,,,,,,,,,,,,
Tech_Job,請益,新鮮人,第一,份,工作,請益,,,,,,,,,,,,
Tech_Job,請益,鴻海,三,節,出差,福利,問題,,,,,,,,,,,
Tech_Job,新聞,陸,韓,聯手,衝擊,台,廠,,,,,,,,,,,
Tech_Job,新聞,電視,友達,群創,營運,亮點,,,,,,,,,,,,
Tech_Job,請益,預聘,相關,問題,,,,,,,,,,,,,,
Tech_Job,情報,近日,我,作夢,,,,,,,,,,,,,,
Tech_Job,請益,中科,合盈,光電,硬體,工程師,,,,,,,,,,,,
Tech_Job,新聞,南韓,三星,大火,波及,金融,業務,,,,,,,,,,,
Tech_Job,請益,台積校,徵,成大場,設備,,,,,,,,,,,,,
Tech_Job,請益,閎康,科技,評價,如何,,,,,,,,,,,,,
Tech_Job,聘書,請益,,,,,,,,,,,,,,,,
Tech_Job,請益,力晶,體檢,,,,,,,,,,,,,,,
Tech_Job,請益,化學,化工,相關,碩士,台中,工作,,,,,,,,,,,
Tech_Job,請益,英業達,書面,,,,,,,,,,,,,,,
Tech_Job,問卷,組織,網路,監控,問卷,稅,前,180,抽獎,,,,,,,,,
Tech_Job,新聞,蘋果,谷歌,聯手,壓低,工資,臉書,拒,加,好友,,,,,,,,
Tech_Job,新聞,別,小看,三星,格羅方德,台積電,風光,將,結束,,,,,,,,,
Tech_Job,請益,職場,新鮮人,該,留在,台南,還是,選擇,北部,,,,,,,,,
Tech_Job,請益,聯電,微影,製程,面試,相關,請教,,,,,,,,,,,
Tech_Job,徵才,中央,研究院,物理所,研究,助理,徵才,,,,,,,,,,,
Tech_Job,聘書,選擇,,,,,,,,,,,,,,,,
Tech_Job,請益,請益,群創,日月光,,,,,,,,,,,,,,
Tech_Job,討論,取得,時間,,,,,,,,,,,,,,,
Tech_Job,請益,蝕刻液,過,硫酸,問題,,,,,,,,,,,,,
Tech_Job,請益, 煥德,實業,,,,,,,,,,,,,,,
Tech_Job,請益,和碩,測試,工程師,,,,,,,,,,,,,,
Tech_Job,請益,量測,,,,,,,,,,,,,,,,
Tech_Job,請益,捷揚,光電,薪資,請教,,,,,,,,,,,,,
Tech_Job,請益,選擇,美光,力晶,,,,,,,,,,,,,,
Tech_Job,請益,矽品,離職,後,薪水,問題,矽品,人,請,進,,,,,,,,
Tech_Job,請益,明泰,機構,工程師,,,,,,,,,,,,,,
Tech_Job,聘書,請益,,,,,,,,,,,,,,,,
Tech_Job,請益,鴻海,租屋,地點,請益,,,,,,,,,,,,,
Tech_Job,請益,請問,慧訊,這,間,公司,如何,,,,,,,,,,,
Tech_Job,請益,鴻佰,科技,面試,邀請,,,,,,,,,,,,,
Tech_Job,徵才,機構,設計,工程師,,,,,,,,,,,,,,
Tech_Job,請益,該,換,嗎,,,,,,,,,,,,,,
Tech_Job,討論,殷諾,科技,,,,,,,,,,,,,,,
Tech_Job,請益,新人,提,離職,,,,,,,,,,,,,,
Tech_Job,請益,台中,中佑,集團,,,,,,,,,,,,,,
Tech_Job,請益,上銀,模具,設計,工程師,,,,,,,,,,,,,
Tech_Job,請益,該,轉職,否,,,,,,,,,,,,,,
Tech_Job,請益,該,換,工作,嗎,,,,,,,,,,,,,
Tech_Job,問卷,懇請,半導體,產業,工程師,幫忙,填,問卷,,,,,,,,,,
Tech_Job,請益, 仁寶,面試,一,問,,,,,,,,,,,,,
Tech_Job,請益,新竹,兆遠,福利,待遇,如何,,,,,,,,,,,,
Tech_Job,聘書, 傳象,永鈦鑫,,,,,,,,,,,,,,,
Tech_Job,請益,如何,浮動,虛擬,下,建立,異地,備分,,,,,,,,,,
Tech_Job,職訓,補助,課程,觸控,應用,訓練班,新竹,,,,,,,,,,,
Tech_Job,請益,面試,要求,攜帶,畢業,證書,影本,,,,,,,,,,,
Tech_Job,請益,目前,台積,收到,口頭,紙本,狀況,,,,,,,,,,,
Tech_Job,請益,數學,重要性,,,,,,,,,,,,,,,
Tech_Job,討論,長春,住宿,津貼,,,,,,,,,,,,,,
Tech_Job,討論,台積,傳真,,,,,,,,,,,,,,,
Tech_Job,請益,電子,報到,問題,,,,,,,,,,,,,,
Tech_Job,請益, 鴻谷,科技,,,,,,,,,,,,,,,
Tech_Job,新聞,獲,南茂,大單,樂翻,,,,,,,,,,,,,
Tech_Job,請益,欣興,請益,,,,,,,,,,,,,,,
Tech_Job,請益,超豐,電子,,,,,,,,,,,,,,,
Tech_Job,請益,今年,沒,發,獎金,該,去,問,主管,嗎,,,,,,,,
Tech_Job,請益,請教,矽品,台中,宿舍,,,,,,,,,,,,,
Tech_Job,請益,有,人,收到,德儀,暑期,實習,面試,通知,,,,,,,,,
Tech_Job,新聞,竹科,工時,長,壓力,大,禿頭族,破,兩萬,人,,,,,,,,
Tech_Job,請益,嘉捷,機構,,,,,,,,,,,,,,,
Tech_Job,請益,台灣,康寧,暑期,實習,面試,通知,,,,,,,,,,,
Tech_Job,請益,暑期,實習,未來,找,工作,有,幫助,嗎,,,,,,,,,
Tech_Job,問卷,急,科技業,主管級,填寫,贈送,300,元,7月11日,禮券,,,,,,,,
Tech_Job,心得,系統廠,心理,測驗,看看,你,是,哪,種,人,,,,,,,,
Tech_Job,討論,台塑,化工,人員,研究,開發,人員,,,,,,,,,,,
Tech_Job,請益,請益,聯電,美光,,,,,,,,,,,,,,
Tech_Job,請益,有關,群創,製程,整合,助理,工程師,面試,,,,,,,,,,
Tech_Job,請益,這樣,經歷,該,如何,轉職,,,,,,,,,,,,
Tech_Job,心得,面試,心得,希望,大家,給,點,意見,,,,,,,,,,
Tech_Job,討論,產品,設計,工程師,未來,,,,,,,,,,,,,
Tech_Job,請益,永磐,科技,,,,,,,,,,,,,,,
Tech_Job,新聞,三星,結盟,格羅方德 ,搶吃,台積,蘋果,大,單,,,,,,,,,
Tech_Job,新聞,科學園區,增,7,案,投資,逾,13億,,,,,,,,,,
Tech_Job,問卷,研究生,問卷,請,各位,好心人,幫幫忙,,,,,,,,,,,
Tech_Job,請益,想,去,日月光,應徵,作業員,請問,10廠,12廠,,,,,,,,,
Tech_Job,問卷,精品,消費,行為,研究,,,,,,,,,,,,,
Tech_Job,請益,什麼,是,,,,,,,,,,,,,,,
Tech_Job,請益,忘記,問,職缺,,,,,,,,,,,,,,
Tech_Job,請益,展旺,檢驗,分析,輪班,南科,,,,,,,,,,,,
Tech_Job,請益,南科,明基,材料,,,,,,,,,,,,,,
Tech_Job,請益,富智康,新幹班,材料,開發,工程師,,,,,,,,,,,,
Tech_Job,請益,神教,聚成,,,,,,,,,,,,,,,
Tech_Job,新聞,徵才,相中,年輕人,實力,計畫,招募,逾,,,,,,,,,,
Tech_Job,請益,工程師,,,,,,,,,,,,,,,,
Tech_Job,請益,群創,電子,電路,設計,工程師,,,,,,,,,,,,
Tech_Job,請益,請益,,,,,,,,,,,,,,,,
Tech_Job,請益,台灣,凸版,彩晶,,,,,,,,,,,,,,
Tech_Job,請益,碩士,學士,,,,,,,,,,,,,,,
Tech_Job,請益,想,離職,公司,有,合約,關係,怎麼,處理,,,,,,,,,
Tech_Job,面試,今天,中科,台積,太陽能,作業員,面試,錄取,,,,,,,,,,
Tech_Job,請益,新代,科技,助理,工程師,,,,,,,,,,,,,
Tech_Job,請益,台積,實習,面試,通知,,,,,,,,,,,,,
Tech_Job,請益,亞東,氣體,面試,,,,,,,,,,,,,,
Tech_Job,請益,群創,支援,值班,工程師,,,,,,,,,,,,,
Tech_Job,請益,我,可以,不,給,嗎,,,,,,,,,,,,
Tech_Job,新聞,許勝雄,企業,獲利,就,應,加薪,,,,,,,,,,,
Tech_Job,請益,鴻海,科研,中心,材料,研發,工程師,,,,,,,,,,,
Tech_Job,討論,該不該,延後,報到,,,,,,,,,,,,,,
Tech_Job,請益,四零四,子公司,,,,,,,,,,,,,,,
Tech_Job,請益,外商,職稱,,,,,,,,,,,,,,,
Tech_Job,面試,新鮮人,面試,分享,上,磊客思,,,,,,,,,,,,
Tech_Job,請益,趨勢,科技,面試,,,,,,,,,,,,,,
Tech_Job,面試,新鮮人,面試,分享,中,重點,鼎新,,,,,,,,,,,
Tech_Job,面試,新鮮人,面試,分享,下,先智,雷技,趨勢,,,,,,,,,,
Tech_Job,面試,新鮮人,面試,分享,後記,和碩,鴻璟,,,,,,,,,,,
Tech_Job,請益,環境,檢測,相關,公司,,,,,,,,,,,,,
Tech_Job,請益, 崧騰,,,,,,,,,,,,,,,,
Tech_Job,討論,申訴,加班費,後,下場,,,,,,,,,,,,,
Tech_Job,請益,富士康,工程師,薪資,一,問,,,,,,,,,,,,
Tech_Job,請益,鴻海,印表機,事業群,相關,請益,,,,,,,,,,,,
Tech_Job,討論,那,一,家,公司,面試,有,車馬費,,,,,,,,,,
Tech_Job,請益,兩,年,前,多益,成績單,大部份,公司,會,收,嗎,,,,,,,
Tech_Job,請益,台積,六,廠,薄膜,製程,,,,,,,,,,,,
Tech_Job,請益,矽品,,,,,,,,,,,,,,,,
Tech_Job,請益,裕鐵,福聚,,,,,,,,,,,,,,,
Tech_Job,討論,友達,太陽能,事業部,前景,,,,,,,,,,,,,
Tech_Job,請益,想,轉,職業,中部,地區,,,,,,,,,,,,
Tech_Job,討論,面,試,公司,要求,底薪,,,,,,,,,,,,
Tech_Job,請益,研究所,就業,廣度,請教,,,,,,,,,,,,,
Tech_Job,討論,很,難為,情況,,,,,,,,,,,,,,
Tech_Job,新聞,太陽能,產業,趨勢,大,者,恆,大,,,,,,,,,,
Tech_Job,聘書, 安派,科技,,,,,,,,,,,,,,,
Tech_Job,請益,全通,科技,,,,,,,,,,,,,,,
Tech_Job,討論,請問,3月16日,台積,成大,場,大家,都,收到,通知,了,嗎,,,,,,
Tech_Job,請益,華映,日本,車載,市場,客服,工程師,工作,情況,,,,,,,,,
Tech_Job,請益,矽品,設備,維護,工程師,,,,,,,,,,,,,
Tech_Job,請益,國際,電控,軟體,工程師,,,,,,,,,,,,,
Tech_Job,請益,欣興,電子,產品,工程師,,,,,,,,,,,,,
Tech_Job,請益,工作,選擇,,,,,,,,,,,,,,,
Tech_Job,心得,面試,小心,得,,,,,,,,,,,,,,
Tech_Job,聘書,中華,電信,聯電,選擇,,,,,,,,,,,,,
Tech_Job,請益, 瑞傳,日本區,業務,,,,,,,,,,,,,,
Tech_Job,請益,想,請問,儲備,幹部,一,職,,,,,,,,,,,
Tech_Job,請益,控制,工程,股份,有限公司,軟體,程式,工程師,,,,,,,,,,
Tech_Job,請益,選擇,奕力,瑞鼎,天鈺,,,,,,,,,,,,,
Tech_Job,討論,離職,時,需要,如何,主管,提,呢,,,,,,,,,,
Tech_Job,請益,台積電,實習,竹科,南科,請教,,,,,,,,,,,,
Tech_Job,討論,有,人,喜歡,輪班,的,嗎,,,,,,,,,,,
Tech_Job,請益,寧波,全芯,時代,有限公司,,,,,,,,,,,,,
Tech_Job,問卷,協助,水表,研究,送,大潤發,禮卷,500,元,,,,,,,,,
Tech_Job,請益,新豐,美磊,科技,工程師,,,,,,,,,,,,,
Tech_Job,請益,南茂,科技,竹北廠,,,,,,,,,,,,,,
Tech_Job,請益,訊息,,,,,,,,,,,,,,,,
Tech_Job,聘書,請益,台積電,廠務,中鼎,電機,設計,,,,,,,,,,,
Tech_Job,請益,鴻海,研發,中心,新幹班,,,,,,,,,,,,,
Tech_Job,面試,廣達,台積電,弗克司,福特,,,,,,,,,,,,,
Tech_Job,面試,環鴻,電氣,,,,,,,,,,,,,,,
Tech_Job,請益,請問,奇美,實業,筆試,,,,,,,,,,,,,
Tech_Job,請益,台積,面試,問題,,,,,,,,,,,,,,
Tech_Job,聘書,請益,神教,旺宏,,,,,,,,,,,,,,
Tech_Job,聘書,凌群,威盛,,,,,,,,,,,,,,,
Tech_Job,新聞,台積電,市值,3.12兆,再,創,新高,,,,,,,,,,,
Tech_Job,請益,力晶,須,自取,,,,,,,,,,,,,,
Tech_Job,心得,面試,上班,後,兩,個,禮拜,後,出差,起步,分享,,,,,,,
Tech_Job,討論,這,種,情況,該,如何,處理,,,,,,,,,,,
Tech_Job,請問,力成,職等,,,,,,,,,,,,,,,
Tech_Job,請益,請問,台積電,暑期,實習,宿舍,問題,,,,,,,,,,,
Tech_Job,聘書,請益,緯創,,,,,,,,,,,,,,,
Tech_Job,請益,亞洲,光學,銀泰,,,,,,,,,,,,,,
Tech_Job,請益,東貝,光電,研發,工程師,一,職,,,,,,,,,,,
Tech_Job,聘書,請益,明泰,五股,佳能,統智,富智康,,,,,,,,,,,
Tech_Job,請益,影像,處理,,,,,,,,,,,,,,,
Tech_Job,請益,請問,一,個,小,問題,有關,中英,履歷,,,,,,,,,
Tech_Job,請益,物理系,背景,台北,工作,機會,,,,,,,,,,,,
Tech_Job,徵才,南華,大學,資訊室,學校,系統,開發,,,,,,,,,,,
Tech_Job,請益,台達電,軟體,工程師,,,,,,,,,,,,,,
Tech_Job,請益,請益,晶元,力晶,,,,,,,,,,,,,,
Tech_Job,請益, 鼎基,化工,工程師,,,,,,,,,,,,,,
Tech_Job,請益,科技,吉嘉,電子,,,,,,,,,,,,,,
Tech_Job,討論,台積,面試,,,,,,,,,,,,,,,
Tech_Job,徵才,交通,大學,誠徵,博士,後,研究員,,,,,,,,,,,
Tech_Job,徵才,台灣,徵,暑期,實習生,,,,,,,,,,,,,
Tech_Job,請益,創傑,硬體,資深,,,,,,,,,,,,,,
Tech_Job,新聞,外資,按讚,…,鴻海,有,絕對,優勢,,,,,,,,,,
Tech_Job,聘書,傳產,跳神教,,,,,,,,,,,,,,,
Tech_Job,請益,台塑,勝,高,,,,,,,,,,,,,,
Tech_Job,請益,廣明,實業,,,,,,,,,,,,,,,
Tech_Job,請益,新竹,鴻谷,科技,,,,,,,,,,,,,,
Tech_Job,請益, 鴻超,準,經營,財會,部門,,,,,,,,,,,,
Tech_Job,請益,大家,都,什麼,管道,增加,社交,人際,,,,,,,,,,
Tech_Job,請益,華碩,海外,業務,,,,,,,,,,,,,,
Tech_Job,請益,亞東,,,,,,,,,,,,,,,,
Tech_Job,面試,華碩,電源,設計,研發,工程師,面試,,,,,,,,,,,
Tech_Job,請益,捷揚,光電,,,,,,,,,,,,,,,
Tech_Job,討論,懲處,會,跟,著,到,下,一,間,公司,,,,,,,,
Tech_Job,請益,鴻海,面試,,,,,,,,,,,,,,,
Tech_Job,請益,文曄,科技,,,,,,,,,,,,,,,
Tech_Job,情報,職場,趨勢,看,未來,需要,人才,講座,,,,,,,,,,
Tech_Job,請益,選擇,台橡,富台,工程師,,,,,,,,,,,,,
Tech_Job,請益,臨時,接到,電話,該,如何,應對,,,,,,,,,,,
Tech_Job,請益,京元,電子,,,,,,,,,,,,,,,
Tech_Job,請益,台積,工作證,,,,,,,,,,,,,,,
Tech_Job,問卷,主管,才,能,科技業,員工,工作,投入,影響,100,,,,,,,,
Tech_Job,請益,台灣,湯淺,電池,研發,人員,,,,,,,,,,,,
Tech_Job,請益,得,不,到,分公司,回覆,會,直接,問,總公司,嗎,,,,,,,
Tech_Job,面試,群聯,漢翔,面試,心得,,,,,,,,,,,,,
Tech_Job,討論, 百一,電子,,,,,,,,,,,,,,,
Tech_Job,請益, 兆遠,科技,,,,,,,,,,,,,,,
Tech_Job,請益,台灣,晶技,,,,,,,,,,,,,,,
Tech_Job,請益,想,請問,一下,遠東,新,世紀,宿舍,,,,,,,,,,
Tech_Job,聘書,台積,選擇,,,,,,,,,,,,,,,
Tech_Job,請益,請益,東京,威力,友達,力晶,,,,,,,,,,,,
Tech_Job,請益,數位,類比,,,,,,,,,,,,,,,
Tech_Job,請益,有,聽,過,拓凱,實業,嗎,,,,,,,,,,,
Tech_Job,請益,性質,相似,公司,,,,,,,,,,,,,,
Tech_Job,請益,晶赫,數位,行銷,有限公司,,,,,,,,,,,,,
Tech_Job,請益,請問,設備,工程師,學,有用,嗎,,,,,,,,,,,
Tech_Job,問卷,我,想,畢業,拜託,工程師,們,幫,填,問卷,吧,,,,,,,
Tech_Job,請益,光電,製程,整合,工程師,職缺,,,,,,,,,,,,
Tech_Job,公告,停止,一,個,面試,時,益智,問題,討論串,,,,,,,,,
Tech_Job,請益,研究所,選擇,未來,工作,相關性,,,,,,,,,,,,
Tech_Job,請益,新鮮人,理工科,想,走,業務,,,,,,,,,,,,
Tech_Job,請益,有,虎門,科技,工作,前輩,嗎,,,,,,,,,,,
Tech_Job,面試, 美光,通知,時間,,,,,,,,,,,,,,
Tech_Job,徵才,工研院,雲端,中心,系統,軟體,人才,培育,助學,計畫,,,,,,,,
Tech_Job,請益,新加坡,面試,,,,,,,,,,,,,,,
Tech_Job,聘書,請益,友達,美光,,,,,,,,,,,,,,
Tech_Job,徵才,清華,大學,誠徵,博士,後,研究員,研發,替代役,,,,,,,,,
Tech_Job,請益,請益,鴻海,艾恩特,,,,,,,,,,,,,,
Tech_Job,請益,請益,湖口,力成,晶元,光電,,,,,,,,,,,,
Tech_Job,請益,宜特,,,,,,,,,,,,,,,,
Tech_Job,請益,該,如何,開口,詢問,面試,有沒有,錄取,,,,,,,,,,
Tech_Job,請益,高雄,燁茂,技術員,工作,,,,,,,,,,,,,
Tech_Job,請益,想,詢問,即時,通訊,開發,公司,,,,,,,,,,,
Tech_Job,請益,愛比,科技,,,,,,,,,,,,,,,
Tech_Job,新聞,企業,跳腳,小,確幸,變,國家,不幸,,,,,,,,,,
Tech_Job,請益,請問,研替,發薪,,,,,,,,,,,,,,
Tech_Job,新聞,台灣,現狀,宣明智,45,歲,以上,要,負責,,,,,,,,,
Tech_Job,請益,內,轉,成功,機率,很,低,嗎,,,,,,,,,,
Tech_Job,請益,台積,助工,群創,設備,,,,,,,,,,,,,
Tech_Job,聘書,請益,台積電,矽品,,,,,,,,,,,,,,
Tech_Job,請益,抉擇,,,,,,,,,,,,,,,,
Tech_Job,請益,聯測,科技,面試,,,,,,,,,,,,,,
Tech_Job,討論,下班,後,大家,進修,自我,成長,,,,,,,,,,,
Tech_Job,徵才,中研院,統計所,誠徵,資料,處理,人員,,,,,,,,,,,
Tech_Job,請益,長春,4月4日,體檢,,,,,,,,,,,,,,
Tech_Job,心得,傳產,面試,回饋,,,,,,,,,,,,,,
Tech_Job,聘書,請益,台,美光,,,,,,,,,,,,,,
Tech_Job,徵才,交通,大學,誠徵,博士,後,研究員,,,,,,,,,,,
Tech_Job,徵才,中研院,生物,影像,核心,設施,徵,研究,助理,,,,,,,,,
Tech_Job,請益,面試,家登,精密,公司,,,,,,,,,,,,,
Tech_Job,請益,群創,工程師,約,多久,有,消息,,,,,,,,,,,
Tech_Job,請益,汽車,面板,設計,工程師,外,派,日本,好,嗎,,,,,,,,
Tech_Job,請益,請益,群創,日月光,華映,,,,,,,,,,,,,
Tech_Job,徵,材料,機械系,一,本,原文,教科書,作者,,,,,,,,,,
Tech_Job,面試,台積,技術員,重複,應徵,,,,,,,,,,,,,
Tech_Job,請益,中,日,合成,化學,環境,相關,資訊,,,,,,,,,,
Tech_Job,請益,立光,面試,問題,,,,,,,,,,,,,,
Tech_Job,請益,請問,宏致,電子,如何,,,,,,,,,,,,,
Tech_Job,請益,五股,佳能,,,,,,,,,,,,,,,
Tech_Job,請益,電機,股份,有限公司,面試,,,,,,,,,,,,,
Tech_Job,請益,原,公司,志聖,工業,林口,機構,,,,,,,,,,,
Tech_Job,請益,台船,抉擇,,,,,,,,,,,,,,,
Tech_Job,請益,台積,南科,有,宿舍,嗎,,,,,,,,,,,,
Tech_Job,聘書,工作,上,選擇,,,,,,,,,,,,,,
Tech_Job,請益,永光,一,廠,化工,人員,作業,內容,,,,,,,,,,
Tech_Job,新聞,高薪,100,指數,8月,登場,,,,,,,,,,,,
Tech_Job,請益,台灣,高鐵,電力,控制員,工作,內容,情形,,,,,,,,,,
Tech_Job,討論,正職,比較,高尚,,,,,,,,,,,,,,
Tech_Job,新聞,瑞典,試驗,6,小時,工作制,意在,提高,效率,,,,,,,,,
Tech_Job,請益,鴻海,事業處,選擇,,,,,,,,,,,,,,
Tech_Job,請益,敬鵬,公司,,,,,,,,,,,,,,,
Tech_Job,請益,友訊,新代,傳象,請益,,,,,,,,,,,,,
Tech_Job,請益,晶元,光電,研發,助工,,,,,,,,,,,,,
Tech_Job,請益,廠,工作,內容,專業,技能,,,,,,,,,,,,
Tech_Job,請益,請問,我,該,離職,嗎,,,,,,,,,,,,
Tech_Job,請益,鴻海,新代,群聯,心得,請益,,,,,,,,,,,,
Tech_Job,問卷,知識,分享,創新,工作,表現,抽,7月11日,禮卷,,,,,,,,,
Tech_Job,請益,新竹,鴻海,,,,,,,,,,,,,,,
Tech_Job,面試,皮卡丘,面試,結果,,,,,,,,,,,,,,
Tech_Job,外商,亨斯邁,化學,,,,,,,,,,,,,,,
Tech_Job,請益,華碩,面試,流程,到底,有,幾,關,,,,,,,,,,
Tech_Job,討論,機構,缺,好,難找,,,,,,,,,,,,,
Tech_Job,請益,瑞健,機構,工程師,職缺,,,,,,,,,,,,,
Tech_Job,討論,研華,科技,如何,,,,,,,,,,,,,,
Tech_Job,聘書,友達,,,,,,,,,,,,,,,,
Tech_Job,請益,該,先,去,公司,報到,公司,通知,嗎,,,,,,,,,
Tech_Job,徵才,東捷,科技,力學,控制,,,,,,,,,,,,,
Tech_Job,請益,新,公司,到職日,原,公司,離職,日,重疊,問題,,,,,,,,
Tech_Job,請益,離職,時,怎麼,高超,手法,回,錶,公司,呢,,,,,,,,
Tech_Job,請益,請益,台化,,,,,,,,,,,,,,,
Tech_Job,討論,這樣,無薪假,特休,扣,合理,嗎,,,,,,,,,,,
Tech_Job,新聞,台灣,大 ,不,排除,攜手,鴻海,,,,,,,,,,,
Tech_Job,徵才,清大,動機系,宋震國,教授,誠徵,碩士級,研究,助理,,,,,,,,,
Tech_Job,請益,台灣,三星,記憶體,業務,,,,,,,,,,,,,
Tech_Job,請益,高手,,,,,,,,,,,,,,,,
Tech_Job,請益,華城,電機,,,,,,,,,,,,,,,
Tech_Job,請益,請問,和碩,面試,立德一館,,,,,,,,,,,,,
Tech_Job,請益,三月,中南科,台積,面試,後,詢問,結果,資料,主管,審核,中,,,,,,
Tech_Job,心得,日月光,客戶,檢舉,日月光,排放,未,處理,廢水,,,,,,,,,
Tech_Job,情報,血汗,日月光,工會,要求,立即,停工,薪水,照,給,,,,,,,,
Tech_Job,求職,相親,還,嚴格,莫名其妙,求職,經驗,大募集,,,,,,,,,,
Tech_Job,公告,40多,歲,家庭,年,收入,多少,才,夠,,,,,,,,,
Tech_Job,請益,有,5678,騷擾,過,板友,們,,,,,,,,,,,
Tech_Job,投票,如何,逼退,資遣,投票,請,按,大寫,,,,,,,,,,
Tech_Job,公告,各位,工作,大大,面試,過程,薪資,,,,,,,,,,,
Tech_Job,公告,刪除,面試,經過,薪資,分享,討論串,,,,,,,,,,,
Tech_Job,公告,停止,國立,科大,學士,進,去,台,嗎,討論串,,,,,,,,
Tech_Job,公告,停止,討論,不,當,工程師,大家,想,做,,,,,,,,,
Tech_Job,心得,日月,神教,設備,薪資,大解密,,,,,,,,,,,,
Tech_Job,公告,停止,一,個,月,可以,存,多少,錢,討論串,,,,,,,,
Tech_Job,新聞,服貿,公聽會,電,資工會,台灣,不,是,沒有,人才,,,,,,,,
Tech_Job,情報,石化業,薪資,所得表,,,,,,,,,,,,,,
Tech_Job,請益,保密,協定,,,,,,,,,,,,,,,
Tech_Job,心得,遊記,再,給,我,選,一,次,我,還是,要,當,設備,,,,,
Tech_Job,新聞,日月光,勒令,停工,,,,,,,,,,,,,,
Tech_Job,心得,民間,企業,不,承認,中研院,年資,,,,,,,,,,,
Tech_Job,心得, 儒鴻,成功,漲到,因素,,,,,,,,,,,,,
Tech_Job,心得,太陽,誘,電,,,,,,,,,,,,,,
Tech_Job,心得, 儒鴻,,,,,,,,,,,,,,,,
Tech_Job,心得,聯發科,資訊處長,親自,寫,給,我,,,,,,,,,,,
Tech_Job,心得,天,妒,英才,,,,,,,,,,,,,,
Tech_Job,心得,儒鴻,飛雁,,,,,,,,,,,,,,,
Tech_Job,心得,做,後遺症,,,,,,,,,,,,,,,
Tech_Job,心得,南部,老闆,們,請,不要,逼走,南部,人,,,,,,,,,
Tech_Job,情報,電資,工會,募集,肝,鐵人,肝,苦,談,,,,,,,,,
Tech_Job,問卷,電資,工會,徵募,肝,鐵,人,肝,苦,談,主管,名言,,,,,,
Tech_Job,2013/4/25,國際,工殤日,行動,奪回,勞動,健康,自主權,,,,,,,,,,
Tech_Job,活動,五一,大遊行,,,,,,,,,,,,,,,
Tech_Job,情報,電資,工會,新店,總部,宣傳,準時,上下班,運動,,,,,,,,,
Tech_Job,心得,幸福,企業,製造,課長,帶線,心得,分享,上,,,,,,,,,
Tech_Job,2月27日,晚上,來,景美,夜市,工時,正常,來,吃,大腸,包,小腸,,,,,,
Tech_Job,請益,公司,營運,出,狀況,逆向,逼,員工,自我,請辭,,,,,,,,
