Baseball,新聞,兄弟,黃博多,1,球種,很,殺,打斷,世界,冠軍,林立,,
Baseball,新聞, 霸鉧德,變化球,不,太,準,古久保,看,黃博多,,,,
Baseball,分享,台鋼,突破,僵局,優異,守備,,,,,,,
Baseball,新聞,洋基,大都會,9,隊,都,想要,教士,王牌,引發,高度,興趣,很
Baseball,新聞,揮棒,速度,提升,要,搶進,開季,名單,,,,,
Baseball,新聞,光芒隊,決定,取消,興建,新,球場,計畫,希望,2026年,重回,,
Baseball,新聞,亞洲盃,5人制,棒球,中華隊,吞,亞,辜,,,,,
Baseball,公告, 板,規,,,,,,,,,,
Baseball,整理,轉播,時間,季,前,熱身賽,,,,,,,
Baseball,分享,熱身賽,轉播,平台,賽程表,,,,,,,,
Baseball,討論,胡智爲,成為,王牌,還,差,了,什麼,,,,,
Baseball,炸裂,梁家榮,阿銀,,,,,,,,,,
Baseball,新聞,意識到,主力,球員,高齡化,兄弟,教頭,談,,,,,
Baseball,分享,道奇,練球,吸引,一萬多,日本人,購,票,進場,,,,
Baseball,分享,亞洲,球員,數值,進,單隊,,,,,,,
Baseball,分享,大谷,,,,,,,,,,,
Baseball,討論,孔念恩,,,,,,,,,,,
Baseball,分享,馬林魚,低a球隊,徵,靶子隊,日薪,150,,,,,,
Baseball,分享,王柏融,開轟,影片,,,,,,,,,
PC_Shopping,20-23,文書,影音機,,,,,,,,,,
PC_Shopping,菜單,輕度,遊戲機,含,,,,,,,,,
PC_Shopping,菜單,追劇用,電腦,,,,,,,,,,
PC_Shopping,菜單,遊戲,追劇,機,,,,,,,,,
PC_Shopping,菜單,繪圖,工作機,請益,,,,,,,,,
PC_Shopping,菜單,遊戲,程式機,,,,,,,,,,
PC_Shopping,情報,電腦,家,又,降,惹,,,,,,,
PC_Shopping,菜單,升級,影音,遊戲機,,,,,,,,,
PC_Shopping,閒聊,星星,套裝機,這,散熱,方式,嗎,,,,,,
PC_Shopping,請益,大哥家,顯卡,選擇,,,,,,,,,
PC_Shopping,情報,平均,單,多,核,28.57142857,高達,420,,,,,
PC_Shopping,情報,3,懶人包,,,,,,,,,,
PC_Shopping,菜單,上下,遊戲,影音機,,,,,,,,,
PC_Shopping,情報,沒,16,大哥,推出,2*16,轉,5*8,p,模組,,,
PC_Shopping,情報,將,30,系,顯卡,永久,降價,20%,,,,,
C_Chat,請,神,神,一,個,很,老,音樂,動畫,,,,
C_Chat,閒聊,是,知道,自己,做錯,了,嗎,,,,,,
C_Chat,閒聊,南宋,滅,之前,為何,一直,算,中國,正統,裡,啊,,
C_Chat,閒聊,劇情,疑問,雷,,,,,,,,,
C_Chat,敗北,敗北,女主,推,活,統計,,,,,,,
C_Chat,閒聊,小丑,2,是,想,教育,觀眾,嗎,,,,,
C_Chat,原神,八重,神子,泡,溫泉,,,,,,,,
C_Chat,閒聊, 界,軌跡,,,,,,,,,,
C_Chat,閒聊, 渡,我,身子,盛情,邀約,,,,,,,
C_Chat,閒聊,早安,百合,交尾,懷孕,,,,,,,,
C_Chat,問題,夢之盃,是,啥,,,,,,,,,
C_Chat,閒聊,光,美,少女,甜,噴,砂糖,,,,,,
C_Chat,乳摸,育碧,原,計劃,未來,5,年,發售,10,款,刺客,教條,
C_Chat,問題,星穹,鐵道,流螢,怎,一直,黑,,,,,,
C_Chat,閒聊,哥布林,殺手,外傳,109,,,,,,,,
C_Chat,爆料,育碧,可能,會,裁員,30%,40%,,,,,,
C_Chat,問題, 鳴潮,下,半,池,大家,會,抽,嗎,,,,
C_Chat,24,秋,逐出,治癒師,1,,,,,,,,
